date,rate
2011.10.22,30.88773990534024
2011.10.23,30.89774013414024
2011.10.24,31.02274017254024
2011.10.25,30.80274082084024
2011.10.26,30.75774074454024
2011.10.27,30.80273922114024
2011.10.28,30.47774007074024
2011.10.29,30.45774150744024
2011.10.30,30.57774043934024
2011.10.31,30.55694074364024
2011.11.01,30.727740057940238
2011.11.02,30.91774059194024
2011.11.03,30.777741202340238
2011.11.04,30.55773998164024
2011.11.05,30.64774013414024
2011.11.06,30.61774135494024
2011.11.07,30.66774059194024
2011.11.08,30.68273998164024
2011.11.09,30.65774036304024
2011.11.10,30.73474034804024
2011.11.11,30.86774935444024
2011.11.12,30.80773998164024
2011.11.13,30.74774051564024
2011.11.14,30.691358654740238
2011.11.15,30.82774043934024
2011.11.16,30.85131934254024
2011.11.17,30.86274092674024
2011.11.18,30.91473995104024
2011.11.19,30.94774147064024
2011.11.20,31.02274013414024
2011.11.21,31.047741660040238
2011.11.22,31.25273966804024
2011.11.23,31.23250112054024
2011.11.24,31.37274242304024
2011.11.25,31.220739859540238
2011.11.26,31.347740897140238
2011.11.27,31.422741660040238
2011.11.28,31.33774066894024
2011.11.29,31.31275703934024
2011.11.30,31.30258082474024
2011.12.01,30.88242079824024
2011.12.02,30.85262202004024
2011.12.03,30.82774043934024
2011.12.04,30.82774043934024
2011.12.05,30.75842073724024
2011.12.06,30.80974161854024
2011.12.07,30.83776581244024
2011.12.08,30.80258083284024
2011.12.09,30.82273937124024
2011.12.10,30.847740897140238
2011.12.11,30.847740897140238
2011.12.12,30.917740551340238
2011.12.13,31.21978101104024
2011.12.14,31.26974022184024
2011.12.15,31.382145538440238
2011.12.16,31.362661047240238
2011.12.17,31.31774021044024
2011.12.18,31.31774021044024
2011.12.19,31.33271750544024
2011.12.20,31.227740057940238
2011.12.21,31.26274181264024
2011.12.22,31.29274059194024
2011.12.23,31.18774104974024
2011.12.24,31.19774127864024
2011.12.25,31.277741202340238
2011.12.26,31.277741202340238
2011.12.27,31.33273094704024
2011.12.28,31.44214206594024
2011.12.29,31.65259815974024
2011.12.30,31.73265312554024
2011.12.31,31.58774066824024
2012.01.01,31.55274074454024
2012.01.02,31.52774152234024
2012.01.03,31.450941275540238
2012.01.04,31.24074009974024
2012.01.05,31.44774127864024
2012.01.06,31.64272662624024
2012.01.07,31.70774150744024
2012.01.08,31.70774150744024
2012.01.09,31.64774014234024
2012.01.10,31.69788367974024
2012.01.11,31.56774021044024
2012.01.12,31.66774059194024
2012.01.13,31.69774127864024
2012.01.14,31.80773998164024
2012.01.15,31.80773998164024
2012.01.16,31.89894119184024
2012.01.17,31.86774295484024
2012.01.18,31.71071752874024
2012.01.19,31.64774013414024
2012.01.20,31.613140372240238
2012.01.21,31.50774074454024
2012.01.22,31.50774074454024
2012.01.23,31.63273933914024
2012.01.24,31.31774021814024
2012.01.25,31.45586069734024
2012.01.26,31.45273723734024
2012.01.27,31.29574085144024
2012.01.28,31.047741660040238
2012.01.29,31.047741660040238
2012.01.30,30.99774051564024
2012.01.31,31.17274101974024
2012.02.01,30.96832305684024
2012.02.02,30.95774150744024
2012.02.03,30.91085971734024
2012.02.04,30.87774158374024
2012.02.05,30.87774158374024
2012.02.06,30.797741660040238
2012.02.07,30.95774150744024
2012.02.08,30.902661143240238
2012.02.09,30.73273921864024
2012.02.10,30.69774127864024
2012.02.11,30.87774158374024
2012.02.12,30.87774158374024
2012.02.13,30.79393956454024
2012.02.14,30.81304115584024
2012.02.15,30.83774066824024
2012.02.16,30.83574062244024
2012.02.17,30.837740664140238
2012.02.18,30.81774211784024
2012.02.19,30.797741660040238
2012.02.20,30.76606736154024
2012.02.21,30.782735869240238
2012.02.22,30.74774051544024
2012.02.23,30.52322552684024
2012.02.24,30.28135331724024
2012.02.25,30.35774112604024
2012.02.26,30.35774112604024
2012.02.27,30.38774180724024
2012.02.28,30.44274021044024
2012.02.29,30.30534080914024
2012.03.01,30.45074675234024
2012.03.02,30.50273999644024
2012.03.03,30.56774021044024
2012.03.04,30.56774021044024
2012.03.05,30.521028995940238
2012.03.06,30.672742238540238
2012.03.07,30.80274086094024
2012.03.08,30.72282090144024
2012.03.09,30.55356458774024
2012.03.10,30.50774074454024
2012.03.11,30.55773998164024
2012.03.12,30.602903156640238
2012.03.13,30.63093526784024
2012.03.14,30.63794177904024
2012.03.15,30.81234105084024
2012.03.16,30.73274138194024
2012.03.17,30.727740057940238
2012.03.18,30.727740057940238
2012.03.19,30.70525638744024
2012.03.20,30.717220633240238
2012.03.21,30.78377282214024
2012.03.22,30.783540228840238
2012.03.23,30.772752960140238
2012.03.24,30.74774070764024
2012.03.25,30.74774051564024
2012.03.26,30.71374045944024
2012.03.27,30.69274021044024
2012.03.28,30.73274112604024
2012.03.29,30.81274104974024
2012.03.30,30.89274097344024
2012.03.31,30.80773998164024
2012.04.01,30.80773998164024
2012.04.02,30.797741660040238
2012.04.03,30.79710909814024
2012.04.04,30.89274097344024
2012.04.05,31.02514674664024
2012.04.06,31.00503117734024
2012.04.07,30.99274135494024
2012.04.08,30.977740057940238
2012.04.09,31.01247921424024
2012.04.10,30.949717584740238
2012.04.11,30.97484232874024
2012.04.12,30.90739489194024
2012.04.13,30.737970226940238
2012.04.14,30.777741202540238
2012.04.15,30.78774143114024
2012.04.16,30.79346969214024
2012.04.17,30.82903097604024
2012.04.18,30.81884924404024
2012.04.19,30.870757304740238
2012.04.20,30.89274097344024
2012.04.21,30.727740057940238
2012.04.22,30.727740057940238
2012.04.23,30.924476577640238
2012.04.24,30.998060460540238
2012.04.25,30.93273998254024
2012.04.26,30.92274166114024
2012.04.27,30.86274028674024
2012.04.28,30.727740057940238
2012.04.29,30.727740057940238
2012.04.30,30.76764432514024
2012.05.01,30.75273967644024
2012.05.02,30.73773966214024
2012.05.03,30.797741660040238
2012.05.04,30.95574035414024
2012.05.05,30.90774036304024
2012.05.06,30.90774036304024
2012.05.07,31.00073982694024
2012.05.08,30.99084370634024
2012.05.09,31.02274013414024
2012.05.10,31.143721542340238
2012.05.11,31.132740770140238
2012.05.12,31.16774059194024
2012.05.13,31.20774150744024
2012.05.14,31.197779187740238
2012.05.15,31.36274028694024
2012.05.16,31.39274097344024
2012.05.17,31.41270116104024
2012.05.18,31.42266164804024
2012.05.19,31.30773998164024
2012.05.20,31.41774059194024
2012.05.21,31.34574511694024
2012.05.22,31.29274443224024
2012.05.23,31.49470019764024
2012.05.24,31.577740401040238
2012.05.25,31.63338054344024
2012.05.26,31.63773990534024
2012.05.27,31.63773990534024
2012.05.28,31.66685457344024
2012.05.29,31.66274337344024
2012.05.30,31.77321471444024
2012.05.31,31.89356003874024
2012.06.01,31.84373996584024
2012.06.02,31.60774112604024
2012.06.03,31.60774112604024
2012.06.04,31.59714665794024
2012.06.05,31.47276028064024
2012.06.06,31.56594274814024
2012.06.07,31.426741600640238
2012.06.08,31.71074062244024
2012.06.09,31.68774104974024
2012.06.10,31.68774104974024
2012.06.11,31.55374703794024
2012.06.12,31.69274005684024
2012.06.13,31.57274498794024
2012.06.14,31.52680489304024
2012.06.15,31.48274112604024
2012.06.16,31.44774127864024
2012.06.17,31.51774097344024
2012.06.18,31.39974913824024
2012.06.19,31.45278843374024
2012.06.20,31.41822054684024
2012.06.21,31.56274131194024
2012.06.22,31.82369984744024
2012.06.23,31.73774028674024
2012.06.24,31.81774021044024
2012.06.25,31.81274104664024
2012.06.26,31.84774092834024
2012.06.27,31.84877952524024
2012.06.28,31.86290127364024
2012.06.29,31.91658825454024
2012.06.30,31.55773998164024
2012.07.01,31.55773998164024
2012.07.02,31.58274150804024
2012.07.03,31.588316653040238
2012.07.04,31.36354155534024
2012.07.05,31.53274419324024
2012.07.06,31.57437727454024
2012.07.07,31.69774127864024
2012.07.08,31.69774127864024
2012.07.09,31.761981572840238
2012.07.10,31.71289428644024
2012.07.11,31.74802060644024
2012.07.12,31.73274112604024
2012.07.13,31.78794462764024
2012.07.14,31.547741660040238
2012.07.15,31.547741660040238
2012.07.16,31.63774194064024
2012.07.17,31.592867832040238
2012.07.18,31.62291059184024
2012.07.19,31.69266022144024
2012.07.20,31.65774131374024
2012.07.21,31.70774150744024
2012.07.22,31.70774150744024
2012.07.23,31.72484959384024
2012.07.24,31.767723449540238
2012.07.25,31.75774074454024
2012.07.26,31.66131268814024
2012.07.27,31.62773967434024
2012.07.28,31.50774074454024
2012.07.29,31.527741202340238
2012.07.30,31.56694212514024
2012.07.31,31.60758176234024
2012.08.01,31.54772546604024
2012.08.02,31.597740896740238
2012.08.03,31.64750974354024
2012.08.04,31.48774028674024
2012.08.05,31.48774028674024
2012.08.06,31.487740271440238
2012.08.07,31.47774024994024
2012.08.08,31.53773468564024
2012.08.09,31.50774087254024
2012.08.10,31.48674525444024
2012.08.11,31.45774150744024
2012.08.12,31.45774150744024
2012.08.13,31.46774443744024
2012.08.14,31.46273426064024
2012.08.15,31.51774097344024
2012.08.16,31.53774143114024
2012.08.17,31.507740707640238
2012.08.18,31.50774074454024
2012.08.19,31.51774097344024
2012.08.20,31.50676434664024
2012.08.21,31.52771720324024
2012.08.22,31.43272110244024
2012.08.23,31.31974580704024
2012.08.24,31.192931602340238
2012.08.25,31.20774150744024
2012.08.26,31.20774150744024
2012.08.27,31.19893549204024
2012.08.28,31.31272256424024
2012.08.29,31.27318106744024
2012.08.30,31.35781766764024
2012.08.31,31.40774067014024
2012.09.01,31.23774028674024
2012.09.02,31.297741660040238
2012.09.03,31.26580555394024
2012.09.04,31.21753986254024
2012.09.05,31.23274112614024
2012.09.06,31.28774143114024
2012.09.07,31.18275438424024
2012.09.08,31.10774112604024
2012.09.09,31.10774112604024
2012.09.10,31.06734029074024
2012.09.11,31.11774135494024
2012.09.12,31.05294078624024
2012.09.13,30.98774028674024
2012.09.14,30.89774330864024
2012.09.15,30.75774074454024
2012.09.16,30.75774074454024
2012.09.17,30.78266868904024
2012.09.18,30.852736769840238
2012.09.19,30.86713196924024
2012.09.20,30.80275105864024
2012.09.21,30.87573985954024
2012.09.22,30.73774028674024
2012.09.23,30.80773998164024
2012.09.24,30.87271651664024
2012.09.25,30.94274752204024
2012.09.26,30.94677520424024
2012.09.27,31.027520269040238
2012.09.28,30.867726563740238
2012.09.29,30.842721179740238
2012.09.30,30.842721179740238
2012.10.01,30.87497564874024
2012.10.02,30.77890275884024
2012.10.03,30.710712549240238
2012.10.04,30.68429631744024
2012.10.05,30.587716936640238
2012.10.06,30.53775422464024
2012.10.07,30.58774066824024
2012.10.08,30.58703474284024
2012.10.09,30.64667169424024
2012.10.10,30.69294027884024
2012.10.11,30.72771321944024
2012.10.12,30.71172793134024
2012.10.13,30.67774082084024
2012.10.14,30.62774158374024
2012.10.15,30.64771810174024
2012.10.16,30.70774150744024
2012.10.17,30.643340961840238
2012.10.18,30.64774010344024
2012.10.19,30.67774075584024
2012.10.20,30.68774104974024
2012.10.21,30.68774104974024
2012.10.22,30.69805539514024
2012.10.23,30.73573998504024
2012.10.24,30.77168765234024
2012.10.25,30.75774074454024
2012.10.26,30.67774082084024
2012.10.27,30.73774028674024
2012.10.28,30.73774028674024
2012.10.29,30.73274112604024
2012.10.30,30.73574090154024
2012.10.31,30.71274069384024
2012.11.01,30.692620216340238
2012.11.02,30.70774150744024
2012.11.03,30.792600750340238
2012.11.04,30.727740057940238
2012.11.05,30.78774143214024
2012.11.06,30.800737447240238
2012.11.07,30.73234803464024
2012.11.08,30.722740897140238
2012.11.09,30.69774069594024
2012.11.10,30.640772342540238
2012.11.11,30.640772342540238
2012.11.12,30.60774112604024
2012.11.13,30.61774135494024
2012.11.14,30.68774103994024
2012.11.15,30.69274097344024
2012.11.16,30.71773982904024
2012.11.17,30.70874147694024
2012.11.18,30.727740057940238
2012.11.19,30.72790006154024
2012.11.20,30.67774082074024
2012.11.21,30.69774447864024
2012.11.22,30.70273819934024
2012.11.23,30.687741050240238
2012.11.24,30.72272412774024
2012.11.25,30.72272412774024
2012.11.26,30.68273997804024
2012.11.27,30.68862152674024
2012.11.28,30.68273998164024
2012.11.29,30.727740185940238
2012.11.30,30.72874743414024
2012.12.01,30.72272412774024
2012.12.02,30.70774150744024
2012.12.03,30.71274066824024
2012.12.04,30.64274095564024
2012.12.05,30.66774059194024
2012.12.06,30.69874034784024
2012.12.07,30.65774036304024
2012.12.08,30.63773990534024
2012.12.09,30.63773990534024
2012.12.10,30.652741202340238
2012.12.11,30.64774019664024
2012.12.12,30.63274074454024
2012.12.13,30.60774112654024
2012.12.14,30.61774135494024
2012.12.15,30.61779920974024
2012.12.16,30.61774135494024
2012.12.17,30.62270052904024
2012.12.18,30.592779837540238
2012.12.19,30.58774066824024
2012.12.20,30.607749124540238
2012.12.21,30.62774158374024
2012.12.22,30.61272164394024
2012.12.23,30.60774112604024
2012.12.24,30.632740104440238
2012.12.25,30.617744554340238
2012.12.26,30.60774112604024
2012.12.27,30.65774036304024
2012.12.28,30.62774164774024
2012.12.29,30.63274074454024
2012.12.30,30.63274074454024
2012.12.31,30.57774043944024
2013.01.01,30.597740897140238
2013.01.02,30.58274150744024
2013.01.03,30.36273068694024
2013.01.04,30.42272565664024
2013.01.05,30.48271454364024
2013.01.06,30.46773982904024
2013.01.07,30.45274363944024
2013.01.08,30.43194191404024
2013.01.09,30.42774082084024
2013.01.10,30.402741138240238
2013.01.11,30.25274106024024
2013.01.12,30.29287528624024
2013.01.13,30.29287528624024
2013.01.14,30.30174083614024
2013.01.15,30.21773982904024
2013.01.16,29.96230072784024
2013.01.17,29.83746069994024
2013.01.18,29.78274036284024
2013.01.19,29.78771734344024
2013.01.20,29.78771734344024
2013.01.21,29.70774150744024
2013.01.22,29.74770851494024
2013.01.23,29.73254112904024
2013.01.24,29.812740985740238
2013.01.25,29.82774120234024
2013.01.26,29.94571823654024
2013.01.27,29.94571823654024
2013.01.28,29.972740897140238
2013.01.29,29.924661337840238
2013.01.30,29.786539649540238
2013.01.31,29.70774150744024
2013.02.01,29.85275154844024
2013.02.02,29.80772030174024
2013.02.03,29.75774074454024
2013.02.04,29.80174083614024
2013.02.05,29.79274055864024
2013.02.06,29.73774035084024
2013.02.07,29.80272642084024
2013.02.08,29.80274062884024
2013.02.09,29.806894448540238
2013.02.10,29.806894448540238
2013.02.11,29.76774097344024
2013.02.12,29.86214034174024
2013.02.13,29.80774158174024
2013.02.14,29.82774043934024
2013.02.15,29.83098898064024
2013.02.16,29.86772132364024
2013.02.17,29.86772132364024
2013.02.18,29.81774021054024
2013.02.19,29.90074092764024
2013.02.20,29.88792122084024
2013.02.21,29.87274059194024
2013.02.22,29.84273982904024
2013.02.23,29.83444757784024
2013.02.24,29.847740897140238
2013.02.25,29.86694133654024
2013.02.26,29.80773998164024
2013.02.27,29.80773998364024
2013.02.28,29.85774112604024
2013.03.01,29.782700363640238
2013.03.02,29.77071732794024
2013.03.03,29.77071732794024
2013.03.04,29.78274196344024
2013.03.05,29.82274127864024
2013.03.06,29.772820136040238
2013.03.07,29.81774021044024
2013.03.08,29.74774118124024
2013.03.09,29.74265399294024
2013.03.10,29.73774028674024
2013.03.11,29.77274013064024
2013.03.12,29.727740057940238
2013.03.13,29.59273982904024
2013.03.14,29.62774158374024
2013.03.15,29.632740424540238
2013.03.16,29.54765655574024
2013.03.17,29.54765655574024
2013.03.18,29.57672300524024
2013.03.19,29.52214015864024
2013.03.20,29.25874072834024
2013.03.21,29.14274097344024
2013.03.22,29.192740744540238
2013.03.23,29.297719441940238
2013.03.24,29.30773998164024
2013.03.25,29.28274054204024
2013.03.26,29.277780554040238
2013.03.27,29.33774067084024
2013.03.28,29.28274035024024
2013.03.29,29.30773998164024
2013.03.30,29.322714305340238
2013.03.31,29.277741202340238
2013.04.01,29.322601531240238
2013.04.02,29.32272115774024
2013.04.03,29.430425649440238
2013.04.04,29.35532568674024
2013.04.05,29.322714049540238
2013.04.06,29.25471594924024
2013.04.07,29.25471594924024
2013.04.08,29.25478793894024
2013.04.09,29.24071007554024
2013.04.10,28.96764901494024
2013.04.11,29.05072066724024
2013.04.12,29.04584790524024
2013.04.13,29.06568227994024
2013.04.14,29.03774143114024
2013.04.15,29.065710648840238
2013.04.16,29.152533942140238
2013.04.17,28.967721139740238
2013.04.18,28.848891125140238
2013.04.19,28.67773910174024
2013.04.20,28.67771210324024
2013.04.21,28.67771210324024
2013.04.22,28.651338892740238
2013.04.23,28.70256307554024
2013.04.24,28.83171691554024
2013.04.25,28.956757947240238
2013.04.26,29.19171593944024
2013.04.27,29.28774143114024
2013.04.28,29.28774143114024
2013.04.29,29.252720168440238
2013.04.30,29.27770829804024
2013.05.01,29.27485707654024
2013.05.02,29.33246489124024
2013.05.03,29.46172001734024
2013.05.04,29.71271980404024
2013.05.05,29.71271980404024
2013.05.06,29.66774059194024
2013.05.07,29.59273022624024
2013.05.08,29.58771829704024
2013.05.09,29.33516719414024
2013.05.10,29.53273710154024
2013.05.11,29.785597929940238
2013.05.12,29.785597929940238
2013.05.13,29.78571320404024
2013.05.14,29.68535818734024
2013.05.15,29.70371748824024
2013.05.16,29.76269488894024
2013.05.17,29.717747690240238
2013.05.18,29.83774066824024
2013.05.19,29.83774066824024
2013.05.20,29.86762173414024
2013.05.21,29.809729503640238
2013.05.22,29.78773067144024
2013.05.23,29.87274380904024
2013.05.24,29.925105186040238
2013.05.25,29.95072032854024
2013.05.26,29.99774051564024
2013.05.27,29.95058273234024
2013.05.28,29.87572105274024
2013.05.29,30.08789753414024
2013.05.30,30.18012612814024
2013.05.31,30.13533053214024
2013.06.01,30.40771934294024
2013.06.02,30.36774135494024
2013.06.03,30.38441024104024
2013.06.04,30.38322168924024
2013.06.05,30.46766198504024
2013.06.06,30.54196552884024
2013.06.07,30.56081678954024
2013.06.08,30.547741660040238
2013.06.09,30.547741660040238
2013.06.10,30.64266025534024
2013.06.11,30.797719222340238
2013.06.12,30.93877280394024
2013.06.13,30.96206323564024
2013.06.14,30.75046539394024
2013.06.15,30.57272220074024
2013.06.16,30.57272220074024
2013.06.17,30.572722209340238
2013.06.18,30.69004309154024
2013.06.19,30.87770288184024
2013.06.20,31.02901891284024
2013.06.21,31.18564547584024
2013.06.22,31.142716468640238
2013.06.23,31.142716468640238
2013.06.24,31.14275060214024
2013.06.25,31.06275475774024
2013.06.26,31.02285696634024
2013.06.27,31.13912314224024
2013.06.28,31.15440611754024
2013.06.29,31.10774112604024
2013.06.30,31.10774112604024
2013.07.01,31.11746097554024
2013.07.02,30.95671170054024
2013.07.03,31.002698956640238
2013.07.04,31.10773921864024
2013.07.05,31.09273982904024
2013.07.06,31.19274021044024
2013.07.07,31.16774059194024
2013.07.08,31.313610869940238
2013.07.09,31.52194102214024
2013.07.10,31.41024074454024
2013.07.11,31.18832365824024
2013.07.12,31.15998880574024
2013.07.13,31.15747752924024
2013.07.14,31.13773990534024
2013.07.15,31.15771824464024
2013.07.16,31.198975915540238
2013.07.17,31.216960744540238
2013.07.18,30.96599072174024
2013.07.19,31.04574074454024
2013.07.20,31.02274074454024
2013.07.21,31.02274074454024
2013.07.22,31.03442585264024
2013.07.23,30.94274050954024
2013.07.24,30.91269961194024
2013.07.25,31.06661014684024
2013.07.26,31.07276619474024
2013.07.27,31.13072008514024
2013.07.28,31.13072008514024
2013.07.29,31.13072009034024
2013.07.30,31.17774074454024
2013.07.31,31.25874072924024
2013.08.01,31.25758074404024
2013.08.02,31.27844295314024
2013.08.03,31.29774074454024
2013.08.04,31.29774074454024
2013.08.05,31.28034369114024
2013.08.06,31.381192205140238
2013.08.07,31.394828876340238
2013.08.08,31.38773990534024
2013.08.09,31.19774074454024
2013.08.10,31.21771395394024
2013.08.11,31.18774104974024
2013.08.12,31.18774959394024
2013.08.13,31.252743609440238
2013.08.14,31.28918178674024
2013.08.15,31.29144839314024
2013.08.16,31.27271644014024
2013.08.17,31.29244721574024
2013.08.18,31.29244721574024
2013.08.19,31.31774021154024
2013.08.20,31.45073896354024
2013.08.21,31.64474049774024
2013.08.22,31.952603450540238
2013.08.23,32.03411034774024
2013.08.24,31.84772571604024
2013.08.25,31.86774135494024
2013.08.26,31.864536997940238
2013.08.27,32.00266021474024
2013.08.28,32.188394720040236
2013.08.29,32.172755466440236
2013.08.30,32.13774074454024
2013.08.31,32.142740744540234
2013.09.01,32.142740744540234
2013.09.02,32.087742575640235
2013.09.03,32.073181163140234
2013.09.04,32.17774193474023
2013.09.05,32.15774227044024
2013.09.06,32.356658969640236
2013.09.07,32.24771967244023
2013.09.08,32.24771967244023
2013.09.09,32.26724074454024
2013.09.10,32.09853074084024
2013.09.11,32.12274866804024
2013.09.12,31.91774074454024
2013.09.13,31.61774135494024
2013.09.14,31.83774066824024
2013.09.15,31.83774066824024
2013.09.16,31.76274181264024
2013.09.17,31.76534073424024
2013.09.18,31.68774104974024
2013.09.19,31.23178891254024
2013.09.20,31.05273618224024
2013.09.21,31.12272117634024
2013.09.22,31.047741660040238
2013.09.23,31.12272117624024
2013.09.24,31.179140683840238
2013.09.25,31.33648030994024
2013.09.26,31.302240110640238
2013.09.27,31.232737125440238
2013.09.28,31.277741202340238
2013.09.29,31.277741202340238
2013.09.30,31.38274043834024
2013.10.01,31.242740260540238
2013.10.02,31.23474074454024
2013.10.03,31.26714085454024
2013.10.04,31.300277861940238
2013.10.05,31.257740745040238
2013.10.06,31.25774074454024
2013.10.07,31.28774074324024
2013.10.08,31.38274390104024
2013.10.09,31.37274051564024
2013.10.10,31.462740744540238
2013.10.11,31.36273932934024
2013.10.12,31.297741660040238
2013.10.13,31.297741660040238
2013.10.14,31.361540604540238
2013.10.15,31.28774074454024
2013.10.16,31.29158067134024
2013.10.17,31.23265421134024
2013.10.18,31.02774151244024
2013.10.19,31.05773998164024
2013.10.20,31.05773998164024
2013.10.21,31.06232362144024
2013.10.22,31.14651866614024
2013.10.23,31.04274074454024
2013.10.24,31.18274074454024
2013.10.25,31.161736131340238
2013.10.26,31.027741202340238
2013.10.27,31.027741202340238
2013.10.28,31.04774082084024
2013.10.29,31.07298738144024
2013.10.30,31.07774027274024
2013.10.31,31.09274074604024
2013.11.01,31.185540457140238
2013.11.02,31.17774074454024
2013.11.03,31.17774074454024
2013.11.04,31.20774150744024
2013.11.05,31.30274080804024
2013.11.06,31.28272436614024
2013.11.07,31.28270068364024
2013.11.08,31.37063826984024
2013.11.09,31.45774150744024
2013.11.10,31.45774150744024
2013.11.11,31.46014148354024
2013.11.12,31.642541024440238
2013.11.13,31.62285263104024
2013.11.14,31.49274074454024
2013.11.15,31.60274058584024
2013.11.16,31.55773998164024
2013.11.17,31.60271840694024
2013.11.18,31.58274153884024
2013.11.19,31.59494263854024
2013.11.20,31.60774072634024
2013.11.21,31.73474045644024
2013.11.22,31.83774069444024
2013.11.23,31.82271503484024
2013.11.24,31.82271503484024
2013.11.25,31.86074069584024
2013.11.26,32.04278076364024
2013.11.27,32.05921232244024
2013.11.28,32.150938854940236
2013.11.29,32.12774074454023
2013.11.30,32.04774166004024
2013.12.01,32.04774166004024
2013.12.02,32.241620988640236
2013.12.03,32.202700253540236
2013.12.04,32.163323464240236
2013.12.05,32.237740286740234
2013.12.06,32.24774074454024
2013.12.07,32.20774150744023
2013.12.08,32.23274074454024
2013.12.09,32.237940268440234
2013.12.10,32.150494726840236
2013.12.11,32.09454020174024
2013.12.12,32.08774074404023
2013.12.13,32.124996867640235
2013.12.14,32.02774120234024
2013.12.15,32.02774120234024
2013.12.16,32.057779592440234
2013.12.17,32.02273789304024
2013.12.18,32.13572761834023
2013.12.19,32.36174571834024
2013.12.20,32.48740117244024
2013.12.21,32.60773921864023
2013.12.22,32.60773921864023
2013.12.23,32.61767703834023
2013.12.24,32.707719097140235
2013.12.25,32.682716879740234
2013.12.26,32.792744437840234
2013.12.27,32.68271731074024
2013.12.28,32.882740744540236
2013.12.29,32.882740744540236
2013.12.30,32.88072462114024
2013.12.31,32.81775443564024
2014.01.01,32.69774074454023
2014.01.02,32.732740650440235
2014.01.03,32.97271240054024
2014.01.04,32.987740286740234
2014.01.05,32.987740286740234
2014.01.06,33.012674982240235
2014.01.07,33.082452247740235
2014.01.08,33.147717730940236
2014.01.09,33.06274101414024
2014.01.10,33.03310847684023
2014.01.11,32.987740286740234
2014.01.12,32.987740286740234
2014.01.13,33.097740820340235
2014.01.14,32.97258514324024
2014.01.15,32.835749343840234
2014.01.16,32.89522792144024
2014.01.17,32.787588558140236
2014.01.18,32.847740897140234
2014.01.19,32.847740897140234
2014.01.20,32.85475097424023
2014.01.21,32.82550209484024
2014.01.22,32.907740744540234
2014.01.23,32.93147706854023
2014.01.24,32.89726161044024
2014.01.25,32.847740897140234
2014.01.26,32.847740897140234
2014.01.27,32.892742880740236
2014.01.28,32.90218111074024
2014.01.29,32.92253451324024
2014.01.30,32.91273952384024
2014.01.31,33.012737997940235
2014.02.01,33.032719847940236
2014.02.02,33.032719847940236
2014.02.03,33.01883721714024
2014.02.04,32.94703985024024
2014.02.05,32.76066067594024
2014.02.06,32.747742423040236
2014.02.07,32.822541971640234
2014.02.08,32.817722065840236
2014.02.09,32.817722065840236
2014.02.10,32.777741203840236
2014.02.11,32.80777997774024
2014.02.12,32.75274349114024
2014.02.13,32.52814030504024
2014.02.14,32.57893967744024
2014.02.15,32.33571711664023
2014.02.16,32.33571711664023
2014.02.17,32.34122509434024
2014.02.18,32.24274066784024
2014.02.19,32.48674169274024
2014.02.20,32.572751825440236
2014.02.21,32.577937783840234
2014.02.22,32.542719914040234
2014.02.23,32.542719914040234
2014.02.24,32.604542968840235
2014.02.25,32.552740744040236
2014.02.26,32.558543058040236
2014.02.27,32.597718376040234
2014.02.28,32.58273769274024
2014.03.01,32.507740744540236
2014.03.02,32.507740744540236
2014.03.03,32.57657071294024
2014.03.04,32.547740744540235
2014.03.05,32.354342221440234
2014.03.06,32.29772026744023
2014.03.07,32.247794826040234
2014.03.08,32.237740286740234
2014.03.09,32.237740286740234
2014.03.10,32.26713795374024
2014.03.11,32.39397060874023
2014.03.12,32.372741081540234
2014.03.13,32.39745381084023
2014.03.14,32.352740738140234
2014.03.15,32.257740744540236
2014.03.16,32.257740744540236
2014.03.17,32.28274227044024
2014.03.18,32.25234420424024
2014.03.19,32.097740897140234
2014.03.20,32.34452237274024
2014.03.21,32.397716478240234
2014.03.22,32.377739676440235
2014.03.23,32.377739676440235
2014.03.24,32.397740134040234
2014.03.25,32.46239762974024
2014.03.26,32.57225183294024
2014.03.27,32.572745180840236
2014.03.28,32.50274074454023
2014.03.29,32.487740286740234
2014.03.30,32.487740286740234
2014.03.31,32.521432397740234
2014.04.01,32.41271477844023
2014.04.02,32.354740744040235
2014.04.03,32.452719730340235
2014.04.04,32.487740350440234
2014.04.05,32.44773937124024
2014.04.06,32.44773937124024
2014.04.07,32.47724076084024
2014.04.08,32.477740744540235
2014.04.09,32.283237371740235
2014.04.10,32.19749109814023
2014.04.11,32.31274065644023
2014.04.12,32.28773952384024
2014.04.13,32.282740744540234
2014.04.14,32.28774752434023
2014.04.15,32.282742288140234
2014.04.16,32.317720101740235
2014.04.17,32.252741843140235
2014.04.18,32.18278111334023
2014.04.19,32.147740134140236
2014.04.20,32.172740744540235
2014.04.21,32.202697355340234
2014.04.22,32.25273967944024
2014.04.23,32.33272651244024
2014.04.24,32.35274078614024
2014.04.25,32.362758461740235
2014.04.26,32.26268381454024
2014.04.27,32.227741965240234
2014.04.28,32.26268381724024
2014.04.29,32.26194447064024
2014.04.30,32.26772033594023
2014.05.01,32.382740744540236
2014.05.02,32.37772246844023
2014.05.03,32.397716048740236
2014.05.04,32.397740134140236
2014.05.05,32.30774002064024
2014.05.06,32.35774113434024
2014.05.07,32.362740286740234
2014.05.08,32.40973530004024
2014.05.09,32.50148419684024
2014.05.10,32.632720517040234
2014.05.11,32.632720517040234
2014.05.12,32.63513758534024
2014.05.13,32.62173956164023
2014.05.14,32.54774424054023
2014.05.15,32.458239605040234
2014.05.16,32.52774074454024
2014.05.17,32.49772115594023
2014.05.18,32.49772083464023
2014.05.19,32.50274074454023
2014.05.20,32.64251278104024
2014.05.21,32.552778911840235
2014.05.22,32.487638203540236
2014.05.23,32.532542582840236
2014.05.24,32.547716918740235
2014.05.25,32.547716918740235
2014.05.26,32.53912218364024
2014.05.27,32.58199887254023
2014.05.28,32.63258751804024
2014.05.29,32.70271561604024
2014.05.30,32.81073090424024
2014.05.31,32.857719490640235
2014.06.01,32.857719490640235
2014.06.02,32.852734022640234
2014.06.03,32.847737927840235
2014.06.04,32.643689846540234
2014.06.05,32.68274379634023
2014.06.06,32.63374298444023
2014.06.07,32.49271806674024
2014.06.08,32.49271806674024
2014.06.09,32.51524030914024
2014.06.10,32.45274058584024
2014.06.11,32.477740988640235
2014.06.12,32.47774996574024
2014.06.13,32.45774074454024
2014.06.14,32.38771791524024
2014.06.15,32.387721109340234
2014.06.16,32.387721109340234
2014.06.17,32.37281879174024
2014.06.18,32.51271439174024
2014.06.19,32.427920851540236
2014.06.20,32.48698102904024
2014.06.21,32.47272239204023
2014.06.22,32.47272239204023
2014.06.23,32.47165282344024
2014.06.24,32.46375842094024
2014.06.25,32.45774074454024
2014.06.26,32.447739371340234
2014.06.27,32.512737997940235
2014.06.28,32.467716782540236
2014.06.29,32.467716782540236
2014.06.30,32.469740958140235
2014.07.01,32.44572011754023
2014.07.02,32.394933635640236
2014.07.03,32.382720715840236
2014.07.04,32.42094074454024
2014.07.05,32.382720712540234
2014.07.06,32.382720712540234
2014.07.07,32.382720715840236
2014.07.08,32.41074133044024
2014.07.09,32.411739428440235
2014.07.10,32.206735773440236
2014.07.11,32.197716987640234
2014.07.12,32.15271716124023
2014.07.13,32.152717159740234
2014.07.14,32.18209686164023
2014.07.15,32.15148657304024
2014.07.16,32.152717161340234
2014.07.17,32.11574523914024
2014.07.18,32.212365107440235
2014.07.19,32.16271909344024
2014.07.20,32.16272261234023
2014.07.21,32.132612734740235
2014.07.22,31.91771886704024
2014.07.23,31.78807625594024
2014.07.24,31.80133192144024
2014.07.25,31.852145145140238
2014.07.26,31.85271431794024
2014.07.27,31.85271431794024
2014.07.28,31.85271271974024
2014.07.29,31.817712579140238
2014.07.30,31.86254188984024
2014.07.31,31.96225304814024
2014.08.01,32.167740591840236
2014.08.02,32.14271793194023
2014.08.03,32.14271793194023
2014.08.04,32.153739890040235
2014.08.05,32.18272115804024
2014.08.06,32.18601152284024
2014.08.07,32.19341039184024
2014.08.08,32.272472239140235
2014.08.09,32.13772065044024
2014.08.10,32.13772065044024
2014.08.11,32.13772065184023
2014.08.12,32.102741965240234
2014.08.13,32.09333988484023
2014.08.14,31.95815336134024
2014.08.15,31.87950771314024
2014.08.16,31.85774112604024
2014.08.17,31.85774112604024
2014.08.18,31.89295070864024
2014.08.19,31.83774066824024
2014.08.20,31.92267178364024
2014.08.21,32.01093956104024
2014.08.22,32.002739676440235
2014.08.23,31.94771403634024
2014.08.24,31.94771403634024
2014.08.25,31.97910393134024
2014.08.26,31.994540805440238
2014.08.27,31.927740859240238
2014.08.28,31.92034077794024
2014.08.29,31.96256873784024
2014.08.30,31.96271746054024
2014.08.31,31.96271746054024
2014.09.01,31.95777917614024
2014.09.02,31.992739447540238
2014.09.03,32.13780097754024
2014.09.04,31.99338983534024
2014.09.05,32.10548683534024
2014.09.06,31.99271548284024
2014.09.07,31.99271548284024
2014.09.08,31.99271548284024
2014.09.09,32.074365764240234
2014.09.10,32.102721027640236
2014.09.11,32.18272115804024
2014.09.12,32.202740744540236
2014.09.13,32.257482746640235
2014.09.14,32.257482746640235
2014.09.15,32.233281987840236
2014.09.16,32.267739066040235
2014.09.17,32.21282314464023
2014.09.18,32.31589428944024
2014.09.19,32.24774261474023
2014.09.20,32.19773937124024
2014.09.21,32.202723864740236
2014.09.22,32.22136641564023
2014.09.23,32.26768014584024
2014.09.24,32.257740744540236
2014.09.25,32.24278542194023
2014.09.26,32.29574073534024
2014.09.27,32.352740744540235
2014.09.28,32.362724091440235
2014.09.29,32.34997676014024
2014.09.30,32.39742075324023
2014.10.01,32.43269921664024
2014.10.02,32.42401640214024
2014.10.03,32.432802282040235
2014.10.04,32.507740744540236
2014.10.05,32.65272200304024
2014.10.06,32.652240904540236
2014.10.07,32.58774098414023
2014.10.08,32.55773998164024
2014.10.09,32.54257276414024
2014.10.10,32.42774691394023
2014.10.11,32.45774163514024
2014.10.12,32.46789590404023
2014.10.13,32.447844128740236
2014.10.14,32.42767626264023
2014.10.15,32.49801856534024
2014.10.16,32.457360189240234
2014.10.17,32.43274379504024
2014.10.18,32.41271477844023
2014.10.19,32.41271477844023
2014.10.20,32.42074190714023
2014.10.21,32.28454447914024
2014.10.22,32.257740744540236
2014.10.23,32.335238306240235
2014.10.24,32.40143740324024
2014.10.25,32.40774227044024
2014.10.26,32.40774227044024
2014.10.27,32.419252665240236
2014.10.28,32.437940946740234
2014.10.29,32.42773923354024
2014.10.30,32.540870662040234
2014.10.31,32.53773971584024
2014.11.01,32.61274074454023
2014.11.02,32.60773921864023
2014.11.03,32.612692967640236
2014.11.04,32.707739285140235
2014.11.05,32.677739997440234
2014.11.06,32.85054175694024
2014.11.07,32.862740745040234
2014.11.08,32.78273990314023
2014.11.09,32.78271953914024
2014.11.10,32.77349314324024
2014.11.11,32.83758074444024
2014.11.12,32.86776875754023
2014.11.13,32.860740534540234
2014.11.14,32.81236249144023
2014.11.15,32.85774074454024
2014.11.16,32.85774074454024
2014.11.17,32.837238988440234
2014.11.18,32.792283258440236
2014.11.19,32.756830732840235
2014.11.20,32.86465678744023
2014.11.21,32.80854040744023
2014.11.22,32.78771532694024
2014.11.23,32.737740286740234
2014.11.24,32.73794026794024
2014.11.25,32.837740416840234
2014.11.26,32.805240744540235
2014.11.27,32.78773952384024
2014.11.28,32.79424234434023
2014.11.29,32.86274074454023
2014.11.30,32.86274074454023
2014.12.01,32.88914003834024
2014.12.02,32.79054028274024
2014.12.03,32.88274109434023
2014.12.04,32.90621169614023
2014.12.05,32.893789670440235
2014.12.06,33.02774074454024
2014.12.07,33.007740744540236
2014.12.08,33.017688670740235
2014.12.09,33.022740744540236
2014.12.10,32.86774140754024
2014.12.11,32.78290947954024
2014.12.12,32.81282434134024
2014.12.13,32.82274074454023
2014.12.14,32.82274074454023
2014.12.15,32.827240743340234
2014.12.16,32.980210039240234
2014.12.17,32.98873072204024
2014.12.18,32.967900755940235
2014.12.19,32.867740744540235
2014.12.20,32.878701457740235
2014.12.21,32.878711010140236
2014.12.22,32.88270074214024
2014.12.23,32.90889756374023
2014.12.24,32.899251151240236
2014.12.25,32.89370564614023
2014.12.26,32.892835499640235
2014.12.27,32.93064244874024
2014.12.28,32.93071119984024
2014.12.29,32.93274196524023
2014.12.30,32.962741304340234
2014.12.31,32.900115566840235
2015.01.01,32.892743917840235
2015.01.02,32.91768025504024
2015.01.03,32.962740744540234
2015.01.04,32.962740744540234
2015.01.05,33.007296744540234
2015.01.06,32.992693354540236
2015.01.07,32.881927898240235
2015.01.08,32.895371399740235
2015.01.09,32.88272474454023
2015.01.10,32.84274074454024
2015.01.11,32.84274074454024
2015.01.12,32.848500809240235
2015.01.13,32.87774074454023
2015.01.14,32.81910088034024
2015.01.15,32.76274023264023
2015.01.16,32.74781971914024
2015.01.17,32.587740744540234
2015.01.18,32.587740744540234
2015.01.19,32.559239744540236
2015.01.20,32.61649121774023
2015.01.21,32.71774074454024
2015.01.22,32.58513233044024
2015.01.23,32.584757686940236
2015.01.24,32.59274074454024
2015.01.25,32.59274074454024
2015.01.26,32.59293844864023
2015.01.27,32.57771671984023
2015.01.28,32.51368653484023
2015.01.29,32.556888134440236
2015.01.30,32.77000516154023
2015.01.31,32.750240744540235
2015.02.01,32.750240744540235
2015.02.02,32.72787196474024
2015.02.03,32.590533631240234
2015.02.04,32.605647647340234
2015.02.05,32.604106225540235
2015.02.06,32.60774074454024
2015.02.07,32.64524074454024
2015.02.08,32.55773998164024
2015.02.09,32.65134114124024
2015.02.10,32.60772653094023
2015.02.11,32.630508525440234
2015.02.12,32.654663299740236
2015.02.13,32.71260657264023
2015.02.14,32.61274074454023
2015.02.15,32.61274074454023
2015.02.16,32.59174074454024
2015.02.17,32.618818784840236
2015.02.18,32.59772969714024
2015.02.19,32.591628238340235
2015.02.20,32.56449890624024
2015.02.21,32.55774074454023
2015.02.22,32.55774074454023
2015.02.23,32.558739745840235
2015.02.24,32.57214679174024
2015.02.25,32.54855372564023
2015.02.26,32.532740486140234
2015.02.27,32.40251759594024
2015.02.28,32.35773882764023
2015.03.01,32.373709223340235
2015.03.02,32.32774050334024
2015.03.03,32.34999023714023
2015.03.04,32.35903676394024
2015.03.05,32.407740744540234
2015.03.06,32.435414777840236
2015.03.07,32.587740744540234
2015.03.08,32.577211425540234
2015.03.09,32.584990312540235
2015.03.10,32.59773850184023
2015.03.11,32.71824173904024
2015.03.12,32.906341086340234
2015.03.13,32.849534311240234
2015.03.14,32.91274074454024
2015.03.15,32.92869522834024
2015.03.16,32.908742331640234
2015.03.17,32.931231944040235
2015.03.18,32.926374012140236
2015.03.19,32.73349591944024
2015.03.20,32.74868860994024
2015.03.21,32.59209723654023
2015.03.22,32.59269542374024
2015.03.23,32.637743409940235
2015.03.24,32.504051249740236
2015.03.25,32.504254369940234
2015.03.26,32.598941316140234
2015.03.27,32.56999525214024
2015.03.28,32.60524074454023
2015.03.29,32.57020124224024
2015.03.30,32.579858999940235
2015.03.31,32.56829743474024
2015.04.01,32.552897261440236
2015.04.02,32.49774074374024
2015.04.03,32.50349465674024
2015.04.04,32.41772444554024
2015.04.05,32.41772444554024
2015.04.06,32.12698708044024
2015.04.07,32.45072061054024
2015.04.08,32.58349403984023
2015.04.09,32.55274232444024
2015.04.10,32.57102632794024
2015.04.11,32.55774074454023
2015.04.12,32.573700653840234
2015.04.13,32.55297574794024
2015.04.14,32.571920711840235
2015.04.15,32.48023970894024
2015.04.16,32.454690800140234
2015.04.17,32.40274074454024
2015.04.18,32.36274074454023
2015.04.19,32.36274074454023
2015.04.20,32.33563283644023
2015.04.21,32.41459361294024
2015.04.22,32.382921228640235
2015.04.23,32.40279167614023
2015.04.24,32.454459771940236
2015.04.25,32.58274074454024
2015.04.26,32.58274074454024
2015.04.27,32.598859836140235
2015.04.28,32.62481395854024
2015.04.29,32.62407030844024
2015.04.30,32.848740804540235
2015.05.01,33.05197956724024
2015.05.02,33.21774074454024
2015.05.03,33.21774074454024
2015.05.04,33.19853527244024
2015.05.05,33.284852590740236
2015.05.06,33.407742347440234
2015.05.07,33.28373739184023
2015.05.08,33.55215099124023
2015.05.09,33.55274074454024
2015.05.10,33.55274074454024
2015.05.11,33.54303275794024
2015.05.12,33.756894287940234
2015.05.13,33.735358990940234
2015.05.14,33.54883128154024
2015.05.15,33.502617106940235
2015.05.16,33.587742575640235
2015.05.17,33.587742575640235
2015.05.18,33.533940714540236
2015.05.19,33.41716586424024
2015.05.20,33.52599282814023
2015.05.21,33.597064565440235
2015.05.22,33.42687312234023
2015.05.23,33.46774074454024
2015.05.24,33.46774074454024
2015.05.25,33.48629116034024
2015.05.26,33.60714453684024
2015.05.27,33.745861126940234
2015.05.28,33.79588807584024
2015.05.29,33.75763391034024
2015.05.30,33.68774104974023
2015.05.31,33.69720540884023
2015.06.01,33.78170892474024
2015.06.02,33.72382882074024
2015.06.03,33.712740744540234
2015.06.04,33.67849784294024
2015.06.05,33.754812162640235
2015.06.06,33.90274074454024
2015.06.07,33.91984058174024
2015.06.08,33.93874444084024
2015.06.09,33.772741079640234
2015.06.10,33.72792940324024
2015.06.11,33.622741404040234
2015.06.12,33.720518315640234
2015.06.13,33.67774074454024
2015.06.14,33.66587507414024
2015.06.15,33.719648847140235
2015.06.16,33.702740744540236
2015.06.17,33.69474042394024
2015.06.18,33.63908486334024
2015.06.19,33.63151488264024
2015.06.20,33.65274074454024
2015.06.21,33.65071277814024
2015.06.22,33.644291965240235
2015.06.23,33.69274074454024
2015.06.24,33.76375764484023
2015.06.25,33.80270659654023
2015.06.26,33.780002275940234
2015.06.27,33.812740744540235
2015.06.28,33.797711745940234
2015.06.29,33.89695487764023
2015.06.30,33.76824955554024
2015.07.01,33.847115838240235
2015.07.02,33.829753227040236
2015.07.03,33.79551917324024
2015.07.04,33.78774074454024
2015.07.05,33.75170437124024
2015.07.06,33.80100326584024
2015.07.07,33.85717342004023
2015.07.08,33.98727698014024
2015.07.09,33.96862340084024
2015.07.10,33.937732744540234
2015.07.11,33.95774074454024
2015.07.12,33.94520621314024
2015.07.13,33.945240728540234
2015.07.14,34.05474046584023
2015.07.15,34.06109137454023
2015.07.16,34.18985439284024
2015.07.17,34.202780590440234
2015.07.18,34.227740744540235
2015.07.19,34.24520563834024
2015.07.20,34.24460252444024
2015.07.21,34.474740577740235
2015.07.22,34.43274087154023
2015.07.23,34.725540852240236
2015.07.24,34.82280913934024
2015.07.25,34.922740744540235
2015.07.26,34.922740744540235
2015.07.27,34.87237906474024
2015.07.28,34.870701383940236
2015.07.29,34.84774074454024
2015.07.30,34.982738824540235
2015.07.31,35.13275674454024
2015.08.01,34.97274074454024
2015.08.02,34.97274074454024
2015.08.03,35.052900154640234
2015.08.04,35.077771260740235
2015.08.05,35.06566003504024
2015.08.06,35.18755258224024
2015.08.07,35.131512021340235
2015.08.08,35.142740744540234
2015.08.09,35.142740744540234
2015.08.10,35.17486540964023
2015.08.11,35.112887982140236
2015.08.12,35.382814194740234
2015.08.13,35.25136837204023
2015.08.14,35.171969463940236
2015.08.15,35.25274074454023
2015.08.16,35.25274074454023
2015.08.17,35.29274070554023
2015.08.18,35.54870120454024
2015.08.19,35.58828639874024
2015.08.20,35.549721401740236
2015.08.21,35.60423574894023
2015.08.22,35.60773921864023
2015.08.23,35.60773921864023
2015.08.24,35.734796923740234
2015.08.25,35.705443498940234
2015.08.26,35.58198075284024
2015.08.27,35.63529063534023
2015.08.28,35.672055784140234
2015.08.29,35.887741812640236
2015.08.30,35.887741812640236
2015.08.31,35.851190065740234
2015.09.01,35.842420524840236
2015.09.02,35.742740744540235
2015.09.03,35.76541602954023
2015.09.04,35.85251443534023
2015.09.05,35.98820479174024
2015.09.06,35.98820479174024
2015.09.07,35.99774074454024
2015.09.08,36.04265227224023
2015.09.09,36.06702028234024
2015.09.10,36.20963584104024
2015.09.11,36.10763521064023
2015.09.12,36.05274074454024
2015.09.13,36.041712131440235
2015.09.14,36.015801047440235
2015.09.15,36.061464356540235
2015.09.16,35.93245220074024
2015.09.17,35.87569458964023
2015.09.18,35.79076001004024
2015.09.19,35.67774074454024
2015.09.20,35.67621794314024
2015.09.21,35.60777782464024
2015.09.22,35.85324074454024
2015.09.23,36.06012570444024
2015.09.24,36.19898965524023
2015.09.25,36.270223365340236
2015.09.26,36.172740744540235
2015.09.27,36.173713627340234
2015.09.28,36.19275186244023
2015.09.29,36.416798722140236
2015.09.30,36.44233542414024
2015.10.01,36.366591451040236
2015.10.02,36.49738002394024
2015.10.03,36.455740744540236
2015.10.04,36.42820627824024
2015.10.05,36.43040306974024
2015.10.06,36.26774196024024
2015.10.07,36.312737924040235
2015.10.08,35.84274074454024
2015.10.09,35.864413038940235
2015.10.10,35.507740744540236
2015.10.11,35.548208186940236
2015.10.12,35.558111316540234
2015.10.13,35.40784239044024
2015.10.14,35.619770937740235
2015.10.15,35.316410777640236
2015.10.16,35.212137266640234
2015.10.17,35.29774166004024
2015.10.18,35.287704900140234
2015.10.19,35.29774125914024
2015.10.20,35.478158597840235
2015.10.21,35.43160681774024
2015.10.22,35.629354869040235
2015.10.23,35.595667682340235
2015.10.24,35.577740744540236
2015.10.25,35.549206083640236
2015.10.26,35.57244952724024
2015.10.27,35.489235393940234
2015.10.28,35.54274010394023
2015.10.29,35.672869730140235
2015.10.30,35.656042716240236
2015.10.31,35.57774043934024
2015.11.01,35.57774043934024
2015.11.02,35.615238088340234
2015.11.03,35.592554403140234
2015.11.04,35.577683886040234
2015.11.05,35.53911658504023
2015.11.06,35.587735034740234
2015.11.07,35.86274074454023
2015.11.08,35.86274074454023
2015.11.09,35.828781525040235
2015.11.10,35.91040378634023
2015.11.11,35.894941759040236
2015.11.12,35.84492507044023
2015.11.13,35.837803710940236
2015.11.14,35.91774074454023
2015.11.15,35.91774074454023
2015.11.16,35.89469001294024
2015.11.17,35.989420580140234
2015.11.18,35.99567568884024
2015.11.19,35.93459126654024
2015.11.20,35.78159260664024
2015.11.21,35.70774150744023
2015.11.22,35.70774150744023
2015.11.23,35.74774074454024
2015.11.24,35.87388893974023
2015.11.25,35.727741965340236
2015.11.26,35.657942338840236
2015.11.27,35.75749509484024
2015.11.28,35.747742423040236
2015.11.29,35.747742423040236
2015.11.30,35.902237703040235
2015.12.01,35.84256772094024
2015.12.02,35.797740744540235
2015.12.03,35.76036552564024
2015.12.04,35.785568768040235
2015.12.05,35.76274074454024
2015.12.06,35.82774043934024
2015.12.07,35.82774043934024
2015.12.08,35.817742117940234
2015.12.09,35.96795962864024
2015.12.10,35.981839342240235
2015.12.11,36.03278225824024
2015.12.12,36.17774074454024
2015.12.13,36.17774074454024
2015.12.14,36.16524074444023
2015.12.15,36.107739231440235
2015.12.16,36.00273821744024
2015.12.17,36.03218075914024
2015.12.18,36.133462362040234
2015.12.19,36.12774074454023
2015.12.20,36.137741812640236
2015.12.21,36.137741812640236
2015.12.22,36.13274715734023
2015.12.23,36.087740744540234
2015.12.24,36.096700746040234
2015.12.25,35.973446266940236
2015.12.26,35.961206892340236
2015.12.27,35.87696871324024
2015.12.28,36.087740713140235
2015.12.29,36.152740098940235
2015.12.30,36.087740744540234
2015.12.31,36.08274074454024
2016.01.01,36.039230495740235
2016.01.02,36.04320540744023
2016.01.03,35.943273835640234
2016.01.04,36.07642969824023
2016.01.05,36.16773670444024
2016.01.06,36.13263767554024
2016.01.07,36.25802898294024
2016.01.08,36.23774078594023
2016.01.09,36.36870104814024
2016.01.10,36.36870622994024
2016.01.11,36.331802767640234
2016.01.12,36.271956651040234
2016.01.13,36.247742423040236
2016.01.14,36.31689951974023
2016.01.15,36.31513986564023
2016.01.16,36.32342719634023
2016.01.17,36.32342719634023
2016.01.18,36.36024050514023
2016.01.19,36.29274240584024
2016.01.20,36.303572573040235
2016.01.21,36.28777921534024
2016.01.22,36.239499105240235
2016.01.23,36.007740744540236
2016.01.24,36.028706387340236
2016.01.25,36.022760445540236
2016.01.26,35.96664769584024
2016.01.27,35.86656941534024
2016.01.28,35.88998868364023
2016.01.29,35.84361464244024
2016.01.30,35.712740744540234
2016.01.31,35.692204442740234
2016.02.01,35.72273683304024
2016.02.02,35.58058288524023
2016.02.03,35.88274074514023
2016.02.04,35.692739114840236
2016.02.05,35.647175408540235
2016.02.06,35.59774074454024
2016.02.07,35.60071796544024
2016.02.08,35.60758080554024
2016.02.09,35.51765364974023
2016.02.10,35.41723931484024
2016.02.11,35.31143390534024
2016.02.12,35.24271483454024
2016.02.13,35.610703433340234
2016.02.14,35.61070362314024
2016.02.15,35.587724078540234
2016.02.16,35.63430550294024
2016.02.17,35.66675904554024
2016.02.18,35.62076126914024
2016.02.19,35.594444480640234
2016.02.20,35.727740744540235
2016.02.21,35.747742423040236
2016.02.22,35.74523464924024
2016.02.23,35.75914277184024
2016.02.24,35.72023557514024
2016.02.25,35.697137490540236
2016.02.26,35.670204846440235
2016.02.27,35.72274074454024
2016.02.28,35.72274074454024
2016.02.29,35.667740593440236
2016.03.01,35.640911647440234
2016.03.02,35.59873154074024
2016.03.03,35.55793033864023
2016.03.04,35.437692484440234
2016.03.05,35.35774074454024
2016.03.06,35.35774074454024
2016.03.07,35.37124074454024
2016.03.08,35.42019988054024
2016.03.09,35.37526478544024
2016.03.10,35.28773976844023
2016.03.11,35.24054074454023
2016.03.12,35.097740897140234
2016.03.13,35.097740897140234
2016.03.14,35.08424075734023
2016.03.15,35.06779811774024
2016.03.16,35.12819741524024
2016.03.17,34.83830092754024
2016.03.18,34.76877152034024
2016.03.19,34.87774074454023
2016.03.20,34.896216243740234
2016.03.21,34.80874001164024
2016.03.22,34.928079636740236
2016.03.23,34.95358826534024
2016.03.24,35.218741065940236
2016.03.25,35.328240413840234
2016.03.26,35.272740744540236
2016.03.27,35.272740744540236
2016.03.28,35.280744183140236
2016.03.29,35.345095248340236
2016.03.30,35.33274084404024
2016.03.31,35.25230033824023
2016.04.01,35.13116671194024
2016.04.02,35.187740744540235
2016.04.03,35.17769603654023
2016.04.04,35.153580306140235
2016.04.05,35.27063453434024
2016.04.06,35.31274074074024
2016.04.07,35.264100712640236
2016.04.08,35.219675389140235
2016.04.09,35.12274074454024
2016.04.10,35.12070441564023
2016.04.11,35.092766002440236
2016.04.12,35.041748631840235
2016.04.13,35.03689099544024
2016.04.14,35.06099955364024
2016.04.15,35.08430476904024
2016.04.16,35.087740744540234
2016.04.17,35.087740744540234
2016.04.18,35.07601217024023
2016.04.19,34.98863756314024
2016.04.20,34.85998952494023
2016.04.21,34.90457550654023
2016.04.22,35.079900578640235
2016.04.23,35.087705524240235
2016.04.24,35.087705524240235
2016.04.25,35.088266353540234
2016.04.26,35.092611836040234
2016.04.27,35.15012682074023
2016.04.28,35.14499400274023
2016.04.29,35.00773120304024
2016.04.30,34.91274074454024
2016.05.01,34.935210361140236
2016.05.02,34.908448720940235
2016.05.03,34.86363944094023
2016.05.04,34.988075899240236
2016.05.05,35.13358004784023
2016.05.06,35.10873927964023
2016.05.07,35.125217483640235
2016.05.08,35.125217483640235
2016.05.09,35.151742374140234
2016.05.10,35.253740738340234
2016.05.11,35.232150769240235
2016.05.12,35.26353092514024
2016.05.13,35.36274074444024
2016.05.14,35.46071273174024
2016.05.15,35.46071273174024
2016.05.16,35.433296478140235
2016.05.17,35.41249674624024
2016.05.18,35.51774122454024
2016.05.19,35.71809902094024
2016.05.20,35.686959239540236
2016.05.21,35.69773937124024
2016.05.22,35.699196673940236
2016.05.23,35.677486149540236
2016.05.24,35.68750569684023
2016.05.25,35.75728138184024
2016.05.26,35.68707382184024
2016.05.27,35.60405281804024
2016.05.28,35.71774074454024
2016.05.29,35.746711876740235
2016.05.30,35.75203042864024
2016.05.31,35.735910345240235
2016.06.01,35.713786802940234
2016.06.02,35.687248251240234
2016.06.03,35.64176314624024
2016.06.04,35.37024074454023
2016.06.05,35.497742423040236
2016.06.06,35.358191154440235
2016.06.07,35.264516328240234
2016.06.08,35.228739323340236
2016.06.09,35.10833919104024
2016.06.10,35.18929962874024
2016.06.11,35.23274074454024
2016.06.12,35.27123308564023
2016.06.13,35.190714272140234
2016.06.14,35.18496666914024
2016.06.15,35.32273768984024
2016.06.16,35.23911256784024
2016.06.17,35.270776077240235
2016.06.18,35.28773952384024
2016.06.19,35.28773952384024
2016.06.20,35.22668777374024
2016.06.21,35.20120396994024
2016.06.22,35.23174026154024
2016.06.23,35.21276592594024
2016.06.24,35.23537808534024
2016.06.25,35.282740744540234
2016.06.26,35.31069659044024
2016.06.27,35.333174646540236
2016.06.28,35.33747150534023
2016.06.29,35.25267795884024
2016.06.30,35.133694074840236
2016.07.01,35.13771084374024
2016.07.02,35.05774074454023
2016.07.03,35.09771318834024
2016.07.04,35.03330203754024
2016.07.05,35.06460918254024
2016.07.06,35.19664062274023
2016.07.07,35.22483858904024
2016.07.08,35.22017873674024
2016.07.09,35.19274074454024
2016.07.10,35.19274074454024
2016.07.11,35.200796316240236
2016.07.12,35.15560713924024
2016.07.13,35.202714580740235
2016.07.14,35.21071360824023
2016.07.15,35.052171532440234
2016.07.16,34.95774074454024
2016.07.17,34.95774074454024
2016.07.18,34.933063736240236
2016.07.19,34.95774150744023
2016.07.20,35.04161032094024
2016.07.21,34.557903454040236
2016.07.22,34.98774074454023
2016.07.23,34.952740744540236
2016.07.24,34.952740744540236
2016.07.25,34.975318173040236
2016.07.26,35.05658154654024
2016.07.27,35.00274074454023
2016.07.28,34.916818710640236
2016.07.29,34.86248052484024
2016.07.30,34.797740744540235
2016.07.31,34.797740744540235
2016.08.01,34.79969437264024
2016.08.02,34.766043663840236
2016.08.03,34.793368389240236
2016.08.04,35.00939541424024
2016.08.05,34.912740738040235
2016.08.06,35.08274074454024
2016.08.07,35.08322669784024
2016.08.08,35.04319280164024
2016.08.09,34.97868600504024
2016.08.10,34.87221440014024
2016.08.11,34.767739496040235
2016.08.12,34.73170421864024
2016.08.13,34.767740744540234
2016.08.14,34.780214020140235
2016.08.15,34.779814558840236
2016.08.16,34.60955733834024
2016.08.17,34.623832485140234
2016.08.18,34.60550558294024
2016.08.19,34.55916884374024
2016.08.20,34.637741812640236
2016.08.21,34.645197413040236
2016.08.22,34.66361972754024
2016.08.23,34.658415701840234
2016.08.24,34.65423506294024
2016.08.25,34.63929877114023
2016.08.26,34.557459811640236
2016.08.27,34.67774074454024
2016.08.28,34.67323433094023
2016.08.29,34.73631630084024
2016.08.30,34.56809827484024
2016.08.31,34.60682850224023
2016.09.01,34.62934074534024
2016.09.02,34.603064833340234
2016.09.03,34.64123867934023
2016.09.04,34.63774074454024
2016.09.05,34.627456436040234
2016.09.06,34.74686440644024
2016.09.07,34.59812278864023
2016.09.08,34.64804166704024
2016.09.09,34.783621149840236
2016.09.10,34.85774074454024
2016.09.11,34.85774074454024
2016.09.12,34.77443001664024
2016.09.13,34.87506945294024
2016.09.14,34.955224881340236
2016.09.15,34.892687391540235
2016.09.16,34.87235265674023
2016.09.17,34.922740744540235
2016.09.18,34.93523475974023
2016.09.19,34.92731405484024
2016.09.20,34.822539999640234
2016.09.21,34.77079988004024
2016.09.22,34.670493716840234
2016.09.23,34.62909037084024
2016.09.24,34.63774074454024
2016.09.25,34.66220626694024
2016.09.26,34.63742801394024
2016.09.27,34.60907768574024
2016.09.28,34.61536149414024
2016.09.29,34.58958610734024
2016.09.30,34.67547109344024
2016.10.01,34.66774074454023
2016.10.02,34.587740744540234
2016.10.03,34.60942343644024
2016.10.04,34.659254025040234
2016.10.05,34.796818146340236
2016.10.06,34.82260395074024
2016.10.07,34.84863101584023
2016.10.08,34.892740744540234
2016.10.09,34.88421872244024
2016.10.10,34.93701745244024
2016.10.11,35.171380966240235
2016.10.12,35.450893978440234
2016.10.13,35.687420866540236
2016.10.14,35.38942212724024
2016.10.15,35.30774074454023
2016.10.16,35.345227881740236
2016.10.17,35.387285270640234
2016.10.18,35.22616246624023
2016.10.19,35.02461730704024
2016.10.20,34.875880806440236
2016.10.21,35.036063723040236
2016.10.22,35.142740744540234
2016.10.23,35.117740744540235
2016.10.24,35.13881015094024
2016.10.25,35.057522178740236
2016.10.26,34.895420427440236
2016.10.27,35.035404668040236
2016.10.28,35.14322435704024
2016.10.29,35.02774120234024
2016.10.30,35.037740718940235
2016.10.31,35.047442488240236
2016.11.01,35.02249480334024
2016.11.02,35.04032792274023
2016.11.03,34.95774522294023
2016.11.04,34.97871245974024
2016.11.05,34.98274074454024
2016.11.06,35.017740744540234
2016.11.07,35.024740464440235
2016.11.08,35.00312947014024
2016.11.09,34.957073070240234
2016.11.10,35.04573914144024
2016.11.11,35.30948086044024
2016.11.12,35.367741354940236
2016.11.13,35.367741354940236
2016.11.14,35.40814220274024
2016.11.15,35.47266567734024
2016.11.16,35.459724646340234
2016.11.17,35.45574573584024
2016.11.18,35.530784608440236
2016.11.19,35.52774074454024
2016.11.20,35.52774074454024
2016.11.21,35.580076593940234
2016.11.22,35.56287353944023
2016.11.23,35.51017228124024
2016.11.24,35.70542934004023
2016.11.25,35.672696461540234
2016.11.26,35.63774074454024
2016.11.27,35.642740744540234
2016.11.28,35.587982651840235
2016.11.29,35.54536837264023
2016.11.30,35.675740642140234
2016.12.01,35.723781094140236
2016.12.02,35.69972781644024
2016.12.03,35.60773921864023
2016.12.04,35.60773921864023
2016.12.05,35.78445429214024
2016.12.06,35.61714465444024
2016.12.07,35.63480378604024
2016.12.08,35.610564151340235
2016.12.09,35.64589547174024
2016.12.10,35.67774074454024
2016.12.11,35.67774074454024
2016.12.12,35.72856127884024
2016.12.13,35.57895974714024
2016.12.14,35.58641553424024
2016.12.15,35.68200869594023
2016.12.16,35.78065538804024
2016.12.17,35.87960633314024
2016.12.18,35.87960644024024
2016.12.19,35.81828342844024
2016.12.20,35.879760649340234
2016.12.21,35.998743326840234
2016.12.22,35.992227921140234
2016.12.23,36.01983898264024
2016.12.24,35.95774074454024
2016.12.25,35.977740744540235
2016.12.26,35.962558018440234
2016.12.27,35.974053418440235
2016.12.28,36.019493433240235
2016.12.29,36.009913416140236
2016.12.30,35.89107338364023
2016.12.31,35.837742575640235
2017.01.01,35.81774074454024
2017.01.02,35.74013468144024
2017.01.03,35.84024135684024
2017.01.04,35.90968077794024
2017.01.05,35.811499392140234
2017.01.06,35.67445038274023
2017.01.07,35.742740744540235
2017.01.08,35.73774074454023
2017.01.09,35.750241990740236
2017.01.10,35.64920354834024
2017.01.11,35.56921019724024
2017.01.12,35.43344939804024
2017.01.13,35.38037444664024
2017.01.14,35.407740744540234
2017.01.15,35.42774074454024
2017.01.16,35.44250854924024
2017.01.17,35.43689478914023
2017.01.18,35.29238034524023
2017.01.19,35.43337247714024
2017.01.20,35.43189150054024
2017.01.21,35.41274074454024
2017.01.22,35.41774074454023
2017.01.23,35.350718302440235
2017.01.24,35.26252824664024
2017.01.25,35.259212748040234
2017.01.26,35.21569579064023
2017.01.27,35.32304399714024
2017.01.28,35.282740744540234
2017.01.29,35.297739841140235
2017.01.30,35.27976127634024
2017.01.31,35.209451459240235
2017.02.01,35.11904162304024
2017.02.02,35.128736578640236
2017.02.03,35.08734399564024
2017.02.04,35.04274074454023
2017.02.05,35.037740436240234
2017.02.06,35.042400591440234
2017.02.07,35.017377724640234
2017.02.08,35.041907622540236
2017.02.09,35.034096518440236
2017.02.10,35.084546683640234
2017.02.11,35.08274074454024
2017.02.12,35.07774046394024
2017.02.13,35.09644971864024
2017.02.14,35.08249545554023
2017.02.15,35.037581944540236
2017.02.16,35.02997494064024
2017.02.17,35.00989940444023
2017.02.18,34.99774074454024
2017.02.19,35.017737849240234
2017.02.20,35.00949063044023
2017.02.21,35.039413233740234
2017.02.22,35.03660576244024
2017.02.23,35.025993027340235
2017.02.24,34.98245610254023
2017.02.25,34.882740744540236
2017.02.26,34.882740744540236
2017.02.27,34.889916653240235
2017.02.28,34.86206781124024
2017.03.01,34.951265538640236
2017.03.02,35.029667087640235
2017.03.03,35.055138108640236
2017.03.04,35.045678477140235
2017.03.05,35.045579287940235
2017.03.06,35.035047757640235
2017.03.07,35.075831651940234
2017.03.08,35.12597938154023
2017.03.09,35.29984986444023
2017.03.10,35.414061590040234
2017.03.11,35.38176814814024
2017.03.12,35.38036804884024
2017.03.13,35.326124253140236
2017.03.14,35.36312621174024
2017.03.15,35.30847991354024
2017.03.16,35.055261069140236
2017.03.17,34.92497373464023
2017.03.18,34.837740744540234
2017.03.19,34.85774074454024
2017.03.20,34.854854106840236
2017.03.21,34.669417889540235
2017.03.22,34.76243073664023
2017.03.23,34.59901892124024
2017.03.24,34.60566920594024
2017.03.25,34.52774074454024
2017.03.26,34.55774074454023
2017.03.27,34.537516788740234
2017.03.28,34.41282915244024
2017.03.29,34.47414027204024
2017.03.30,34.435408074940234
2017.03.31,34.49942202034023
2017.04.01,34.35774074454024
2017.04.02,34.35774074454024
2017.04.03,34.35446268664023
2017.04.04,34.36795945914024
2017.04.05,34.461480059440234
2017.04.06,34.57093271634024
2017.04.07,34.58841184734023
2017.04.08,34.632740744540236
2017.04.09,34.632740744540236
2017.04.10,34.651045663440236
2017.04.11,34.619280049040235
2017.04.12,34.54507169714024
2017.04.13,34.40686697824024
2017.04.14,34.371508442740236
2017.04.15,34.37274074454024
2017.04.16,34.37274074454024
2017.04.17,34.38027491454024
2017.04.18,34.29592988834023
2017.04.19,34.349366255640234
2017.04.20,34.40021077364023
2017.04.21,34.426357820740236
2017.04.22,34.37274074454024
2017.04.23,34.347740897140234
2017.04.24,34.349360228940235
2017.04.25,34.357797709940236
2017.04.26,34.437856122240234
2017.04.27,34.47506402254024
2017.04.28,34.60678352564024
2017.04.29,34.58467024594024
2017.04.30,34.59429535954023
2017.05.01,34.58317288094024
2017.05.02,34.63044987124024
2017.05.03,34.47401242444023
2017.05.04,34.57112167134024
2017.05.05,34.64591439044023
2017.05.06,34.684778645140234
2017.05.07,34.68693079934024
2017.05.08,34.691518357340236
2017.05.09,34.66962365254024
2017.05.10,34.77874671284024
2017.05.11,34.78885972584023
2017.05.12,34.74404837524023
2017.05.13,34.67878217054024
2017.05.14,34.67950703464024
2017.05.15,34.67141795464023
2017.05.16,34.54986129634023
2017.05.17,34.47316355784024
2017.05.18,34.47750680004024
2017.05.19,34.538634020940236
2017.05.20,34.34200741354024
2017.05.21,34.34098180784024
2017.05.22,34.32692724694024
2017.05.23,34.318194021040235
2017.05.24,34.46887469614023
2017.05.25,34.327571477340236
2017.05.26,34.18301061864024
2017.05.27,34.13728027334024
2017.05.28,34.13566392364024
2017.05.29,34.05973477774024
2017.05.30,34.14782881924024
2017.05.31,34.125041020840236
2017.06.01,34.06609808634023
2017.06.02,34.171627587940236
2017.06.03,34.07451799254024
2017.06.04,34.074525149840234
2017.06.05,34.06610628734023
2017.06.06,34.01930902074024
2017.06.07,33.964426239340234
2017.06.08,34.04323598764024
2017.06.09,34.08738534694024
2017.06.10,34.08153938244023
2017.06.11,34.08149788274024
2017.06.12,34.07380923074024
2017.06.13,34.07538774744024
2017.06.14,33.92438256384023
2017.06.15,33.88810895554023
2017.06.16,33.97640067174024
2017.06.17,33.961275711740235
2017.06.18,33.96382946604024
2017.06.19,33.957440260740235
2017.06.20,34.00582894564024
2017.06.21,34.03604626414024
2017.06.22,33.99972919634023
2017.06.23,33.984041438340235
2017.06.24,33.95421529644024
2017.06.25,33.95484533494024
2017.06.26,33.944949884940236
2017.06.27,33.98470831404023
2017.06.28,33.98042467904023
2017.06.29,33.97467824264024
2017.06.30,34.010693222640235
2017.07.01,33.95428463234023
2017.07.02,33.955160684640234
2017.07.03,33.946089506340236
2017.07.04,33.99799318204023
2017.07.05,34.01481508764024
2017.07.06,34.03394094044024
2017.07.07,34.073418136940234
2017.07.08,34.18755631294024
2017.07.09,34.14949719454024
2017.07.10,34.10360504984023
2017.07.11,34.14771503394024
2017.07.12,34.06858733754024
2017.07.13,33.95983941054023
2017.07.14,33.94927624504024
2017.07.15,33.834658889140236
2017.07.16,33.837129643840235
2017.07.17,33.77117357514024
2017.07.18,33.64219093934024
2017.07.19,33.60293538944023
2017.07.20,33.61099831694023
2017.07.21,33.568545795740235
2017.07.22,33.66222630964024
2017.07.23,33.522974230940235
2017.07.24,33.43151325914024
2017.07.25,33.42341395114023
2017.07.26,33.49145171854023
2017.07.27,33.36819607434023
2017.07.28,33.334665578340235
2017.07.29,33.399562039040234
2017.07.30,33.400234702340235
2017.07.31,33.35429004064024
2017.08.01,33.29184086204024
2017.08.02,33.29359991864023
2017.08.03,33.302485136240236
2017.08.04,33.26323995854023
2017.08.05,33.29591239704023
2017.08.06,33.294612677040234
2017.08.07,33.30150699514024
2017.08.08,33.29574419284024
2017.08.09,33.28143496304023
2017.08.10,33.26957565924024
2017.08.11,33.26060472474023
2017.08.12,33.20999475494023
2017.08.13,33.21024671044024
2017.08.14,33.211341302640236
2017.08.15,33.274787518140236
2017.08.16,33.28434960124024
2017.08.17,33.26251500714024
2017.08.18,33.28322437804024
2017.08.19,33.223295460440234
2017.08.20,33.223605717840236
2017.08.21,33.248872781040234
2017.08.22,33.255744001940236
2017.08.23,33.25579377104024
2017.08.24,33.36330538954024
2017.08.25,33.363446856940236
2017.08.26,33.27381074984024
2017.08.27,33.27382548774023
2017.08.28,33.258352351240234
2017.08.29,33.22492813564023
2017.08.30,33.206126195440234
2017.08.31,33.22341283514024
2017.09.01,33.201320264140236
2017.09.02,33.18359002654024
2017.09.03,33.180242337140236
2017.09.04,33.16642073284024
2017.09.05,33.16948569624024
2017.09.06,33.16550153324024
2017.09.07,33.15224520024024
2017.09.08,33.087057647240236
2017.09.09,33.11855296954023
2017.09.10,33.12026810494024
2017.09.11,33.14172617734024
2017.09.12,33.144379097740234
2017.09.13,33.137023010740236
2017.09.14,33.15036489934023
2017.09.15,33.081515457240236
2017.09.16,33.113045032540235
2017.09.17,33.11359149864023
2017.09.18,33.11577352294024
2017.09.19,33.09412849914023
2017.09.20,33.08909203634023
2017.09.21,33.14038554264024
2017.09.22,33.11427485124024
2017.09.23,33.09315113794023
2017.09.24,33.09322418474024
2017.09.25,33.10091769544024
2017.09.26,33.13331694274024
2017.09.27,33.218240647940235
2017.09.28,33.31134354914023
2017.09.29,33.403623886040236
2017.09.30,33.33190669304024
2017.10.01,33.333852234740235
2017.10.02,33.316361051540234
2017.10.03,33.43713998584023
2017.10.04,33.36763444994023
2017.10.05,33.37260505934024
2017.10.06,33.39702411544024
2017.10.07,33.43713953264024
2017.10.08,33.43767826764024
2017.10.09,33.441501072540234
2017.10.10,33.385040357140234
2017.10.11,33.254788266740235
2017.10.12,33.18099322464023
2017.10.13,33.115226160740235
2017.10.14,33.079326907940235
2017.10.15,33.07981289014024
2017.10.16,33.076807069740234
2017.10.17,33.089250665940234
2017.10.18,33.09753598264024
2017.10.19,33.150528252640235
2017.10.20,33.12707309874023
2017.10.21,33.19695052074024
2017.10.22,33.196949537540235
2017.10.23,33.220406283840234
2017.10.24,33.18083519894024
2017.10.25,33.209844807840234
2017.10.26,33.171731308740235
2017.10.27,33.26695696914024
2017.10.28,33.26597914054024
2017.10.29,33.28959623434024
2017.10.30,33.246989271040235
2017.10.31,33.216915523040235
2017.11.01,33.222212096740236
2017.11.02,33.14919834604024
2017.11.03,33.100159672440235
2017.11.04,33.22711558714023
2017.11.05,33.221422807440234
2017.11.06,33.16355264024023
2017.11.07,33.11073903654024
2017.11.08,33.14215166184024
2017.11.09,33.12736714264024
2017.11.10,33.092595128740236
2017.11.11,33.168804687840236
2017.11.12,33.166095384940235
2017.11.13,33.126540984540235
2017.11.14,33.07922587554024
2017.11.15,33.06679421254024
2017.11.16,33.02781581084024
2017.11.17,32.93479971564024
2017.11.18,32.84601644734023
2017.11.19,32.84286992764024
2017.11.20,32.84637614584024
2017.11.21,32.82805343234023
2017.11.22,32.76556094924024
2017.11.23,32.719252184440236
2017.11.24,32.66656679504023
2017.11.25,32.71072074644024
2017.11.26,32.72730912674024
2017.11.27,32.70568138884023
2017.11.28,32.633979936540236
2017.11.29,32.58457823364024
2017.11.30,32.585117730240235
2017.12.01,32.665095630440234
2017.12.02,32.622262191740234
2017.12.03,32.615598920940236
2017.12.04,32.65261108084024
2017.12.05,32.61918908924024
2017.12.06,32.625893279940236
2017.12.07,32.62712460234024
2017.12.08,32.640776219140236
2017.12.09,32.63261273654024
2017.12.10,32.63274168324023
2017.12.11,32.63704235164023
2017.12.12,32.614449764240234
2017.12.13,32.619391763840234
2017.12.14,32.50674490644023
2017.12.15,32.51954051414024
2017.12.16,32.539234561640235
2017.12.17,32.54077472234024
2017.12.18,32.53567319664024
2017.12.19,32.65747066644023
2017.12.20,32.719288916940236
2017.12.21,32.72821238064024
2017.12.22,32.743056768940235
2017.12.23,32.80570581054024
2017.12.24,32.815931441940236
2017.12.25,32.755948725540236
2017.12.26,32.72223637174024
2017.12.27,32.78407022054024
2017.12.28,32.802203788240234
2017.12.29,32.70971289734024
2017.12.30,32.66466610054024
2017.12.31,32.65205109114024
2018.01.01,32.55224874194023
2018.01.02,32.56639004994024
2018.01.03,32.41783328974024
2018.01.04,32.349154263140235
2018.01.05,32.24767839454024
2018.01.06,32.234492758240236
2018.01.07,32.23123264544024
2018.01.08,32.17263176484023
2018.01.09,32.230001839540236
2018.01.10,32.28914532624024
2018.01.11,32.13008202874023
2018.01.12,32.01893622374023
2018.01.13,32.02169707154024
2018.01.14,32.021761994540235
2018.01.15,31.92915710924024
2018.01.16,31.92912740024024
2018.01.17,31.92677428284024
2018.01.18,31.99602596354024
2018.01.19,31.91901312374024
2018.01.20,31.89631024284024
2018.01.21,31.89761893574024
2018.01.22,31.86044036274024
2018.01.23,31.86252014624024
2018.01.24,31.777841251540238
2018.01.25,31.57000996194024
2018.01.26,31.48993444484024
2018.01.27,31.377564495940238
2018.01.28,31.36297826834024
2018.01.29,31.349889782740238
2018.01.30,31.452165586640238
2018.01.31,31.41636460894024
2018.02.01,31.32943065614024
2018.02.02,31.31612541804024
2018.02.03,31.50054825794024
2018.02.04,31.506391824940238
2018.02.05,31.482347697140238
2018.02.06,31.64837627014024
2018.02.07,31.52806664624024
2018.02.08,31.66947677184024
2018.02.09,31.90453961084024
2018.02.10,31.713450342140238
2018.02.11,31.72758172214024
2018.02.12,31.714114895540238
2018.02.13,31.60901424244024
2018.02.14,31.50295414334024
2018.02.15,31.31467958454024
2018.02.16,31.28234814924024
2018.02.17,31.343043195840238
2018.02.18,31.36311999924024
2018.02.19,31.29882041224024
2018.02.20,31.40180985874024
2018.02.21,31.51777456974024
2018.02.22,31.55353230844024
2018.02.23,31.48993168944024
2018.02.24,31.41037368314024
2018.02.25,31.41232864494024
2018.02.26,31.43415693804024
2018.02.27,31.30884436654024
2018.02.28,31.49547461504024
2018.03.01,31.50019601694024
2018.03.02,31.48844611694024
2018.03.03,31.48150649334024
2018.03.04,31.49722326724024
2018.03.05,31.45296461274024
2018.03.06,31.41046816484024
2018.03.07,31.36321586674024
2018.03.08,31.32740508994024
2018.03.09,31.38042800884024
2018.03.10,31.315441428440238
2018.03.11,31.31379868884024
2018.03.12,31.318437755740238
2018.03.13,31.29381720984024
2018.03.14,31.23062757004024
2018.03.15,31.15823568414024
2018.03.16,31.23348443154024
2018.03.17,31.243610899640238
2018.03.18,31.25265890874024
2018.03.19,31.228612494440238
2018.03.20,31.218012447440238
2018.03.21,31.23863444324024
2018.03.22,31.17129336884024
2018.03.23,31.29570639024024
2018.03.24,31.20245502274024
2018.03.25,31.20325292044024
2018.03.26,31.20826557914024
2018.03.27,31.13220626914024
2018.03.28,31.22761860334024
2018.03.29,31.292753628040238
2018.03.30,31.26265079504024
2018.03.31,31.23828157764024
2018.04.01,31.23897943814024
2018.04.02,31.19275188134024
2018.04.03,31.24292630024024
2018.04.04,31.20479713654024
2018.04.05,31.24106200064024
2018.04.06,31.29135491134024
2018.04.07,31.28288533414024
2018.04.08,31.28300398994024
2018.04.09,31.301894457240238
2018.04.10,31.26942178604024
2018.04.11,31.21173645244024
2018.04.12,31.13518587544024
2018.04.13,31.21889855704024
2018.04.14,31.21889481964024
2018.04.15,31.22178217114024
2018.04.16,31.19753820594024
2018.04.17,31.20059104474024
2018.04.18,31.20678637614024
2018.04.19,31.20953356784024
2018.04.20,31.23877131164024
2018.04.21,31.352671522340238
2018.04.22,31.35271407344024
2018.04.23,31.35891052914024
2018.04.24,31.584222141540238
2018.04.25,31.453908794240238
2018.04.26,31.53409060024024
2018.04.27,31.61477133394024
2018.04.28,31.532751693940238
2018.04.29,31.53196261184024
2018.04.30,31.52961032694024
2018.05.01,31.55939785314024
2018.05.02,31.706511478840238
2018.05.03,31.772333649440238
2018.05.04,31.63018275634024
2018.05.05,31.77297103214024
2018.05.06,31.77291179604024
2018.05.07,31.764404096640238
2018.05.08,31.84403987334024
2018.05.09,31.99022270714024
2018.05.10,32.188672587340236
2018.05.11,31.97153621724024
2018.05.12,31.922311334040238
2018.05.13,31.92202473054024
2018.05.14,31.92183663604024
2018.05.15,31.92174530544024
2018.05.16,32.11771209064023
2018.05.17,32.003266294340236
2018.05.18,32.09171591934024
2018.05.19,32.212651449740235
2018.05.20,32.212750441840235
2018.05.21,32.179914163640234
2018.05.22,32.16645620084024
2018.05.23,32.03004043004024
2018.05.24,32.09641716664024
2018.05.25,32.02469672234024
2018.05.26,31.91162762664024
2018.05.27,31.94272223304024
2018.05.28,31.87138076134024
2018.05.29,32.00299408434024
2018.05.30,32.11886362884024
2018.05.31,32.03946507304023
2018.06.01,32.08007945684024
2018.06.02,32.065490011540234
2018.06.03,32.094780267440235
2018.06.04,32.03756020554024
2018.06.05,32.011609052440235
2018.06.06,31.93797520224024
2018.06.07,31.91484226044024
2018.06.08,32.02802406324024
2018.06.09,32.062921893940235
2018.06.10,32.100143412140234
2018.06.11,32.06823954964024
2018.06.12,32.03822584904024
2018.06.13,32.105298334440235
2018.06.14,32.123380836140235
2018.06.15,32.22787359914024
2018.06.16,32.69070778744024
2018.06.17,32.742970265840235
2018.06.18,32.67505926694024
2018.06.19,32.68534463594023
2018.06.20,32.738321367340234
2018.06.21,32.82278402534023
2018.06.22,32.89630048714024
2018.06.23,32.983291450140236
2018.06.24,33.013908306840236
2018.06.25,32.93002429614024
2018.06.26,32.94374302534023
2018.06.27,33.03796668264024
2018.06.28,33.04179042494024
2018.06.29,33.167661729140235
2018.06.30,32.998694835940235
2018.07.01,33.042901317940235
2018.07.02,33.05351643504024
2018.07.03,33.177571933140236
2018.07.04,33.15482455724023
2018.07.05,33.15110034974023
2018.07.06,33.22371373234024
2018.07.07,33.14480082124024
2018.07.08,33.16307498944023
2018.07.09,33.153483888040235
2018.07.10,33.10395998684024
2018.07.11,33.24282650614023
2018.07.12,33.35564591634024
2018.07.13,33.241705561140236
2018.07.14,33.35130535934024
2018.07.15,33.35285097344023
2018.07.16,33.32695485654023
2018.07.17,33.274726174640236
2018.07.18,33.33641052844023
2018.07.19,33.31613563374024
2018.07.20,33.45871122924024
2018.07.21,33.341480358040236
2018.07.22,33.363562939840236
2018.07.23,33.322072422740234
2018.07.24,33.42788955394023
2018.07.25,33.35086871234024
2018.07.26,33.213823984240236
2018.07.27,33.44697029634023
2018.07.28,33.35639345324024
2018.07.29,33.40271235904024
2018.07.30,33.393186636440234
2018.07.31,33.30275921374024
2018.08.01,33.22570853504023
2018.08.02,33.16756146764023
2018.08.03,33.31111208004024
2018.08.04,33.238753860940236
2018.08.05,33.27274986814024
2018.08.06,33.24796709904024
2018.08.07,33.36659886624024
2018.08.08,33.20740903444024
2018.08.09,33.214899607740236
2018.08.10,33.248152458740236
2018.08.11,33.313510990040236
2018.08.12,33.342705263640234
2018.08.13,33.31646522734024
2018.08.14,33.394069254140234
2018.08.15,33.29946565544024
2018.08.16,33.343771957940234
2018.08.17,33.205930811640236
2018.08.18,33.16579288584023
2018.08.19,33.182428433740235
2018.08.20,33.187542185340234
2018.08.21,32.949712728540234
2018.08.22,32.66438748444023
2018.08.23,32.73305708314024
2018.08.24,32.88681131644024
2018.08.25,32.59696984794024
2018.08.26,32.651642320640235
2018.08.27,32.587397421340235
2018.08.28,32.52599757844023
2018.08.29,32.61947299164024
2018.08.30,32.67993848904023
2018.08.31,32.780535640940236
2018.09.01,32.741766719740234
2018.09.02,32.810869432040235
2018.09.03,32.78915078964024
2018.09.04,32.711678120140235
2018.09.05,32.812159167840235
2018.09.06,32.778530303440235
2018.09.07,32.800795083840235
2018.09.08,32.80482071784024
2018.09.09,32.85019059574024
2018.09.10,32.84267023824024
2018.09.11,32.82076857094024
2018.09.12,32.81044301364024
2018.09.13,32.710746075540236
2018.09.14,32.611054255740235
2018.09.15,32.69373872764024
2018.09.16,32.73674465324024
2018.09.17,32.72400297604023
2018.09.18,32.67608578044024
2018.09.19,32.559372506940235
2018.09.20,32.40919421194024
2018.09.21,32.376341626340235
2018.09.22,32.444528084840236
2018.09.23,32.54196587694024
2018.09.24,32.445087075140236
2018.09.25,32.44026560614024
2018.09.26,32.41988645364024
2018.09.27,32.45957916584024
2018.09.28,32.45452647254024
2018.09.29,32.323103488540234
2018.09.30,32.39810086494023
2018.10.01,32.33215284244024
2018.10.02,32.28183380084024
2018.10.03,32.35070171274024
2018.10.04,32.53650909864024
2018.10.05,32.74764543044024
2018.10.06,32.830301593140234
2018.10.07,32.889544861740234
2018.10.08,32.856967751240234
2018.10.09,32.91089648524024
2018.10.10,32.898084821840236
2018.10.11,32.997873742140236
2018.10.12,32.71157329134024
2018.10.13,32.746844431240234
2018.10.14,32.797197862440235
2018.10.15,32.74313886984024
2018.10.16,32.66049379344024
2018.10.17,32.524033696540236
2018.10.18,32.56188807124023
2018.10.19,32.647153092140236
2018.10.20,32.58425698084024
2018.10.21,32.627987095140234
2018.10.22,32.59304554344023
2018.10.23,32.83025808994024
2018.10.24,32.810227643740234
2018.10.25,32.96521974564023
2018.10.26,32.92968280724023
2018.10.27,33.067340225940235
2018.10.28,33.116964537940234
2018.10.29,33.064120453940234
2018.10.30,33.28718345634024
2018.10.31,33.298698750640234
2018.11.01,33.122221539640236
2018.11.02,32.919880648040234
2018.11.03,32.852250780340235
2018.11.04,32.85274178674024
2018.11.05,32.876057146640235
2018.11.06,32.948888409340235
2018.11.07,32.92760400864024
2018.11.08,32.83376523174024
2018.11.09,32.98782708794023
2018.11.10,33.06537022424023
2018.11.11,33.07272258454024
2018.11.12,33.082863247340235
2018.11.13,33.16840441434024
2018.11.14,32.940483507440234
2018.11.15,32.957437032240236
2018.11.16,32.95276793614023
2018.11.17,32.853535044440235
2018.11.18,32.85269476184023
2018.11.19,32.87045707484024
2018.11.20,32.931172227040236
2018.11.21,33.00402302784023
2018.11.22,32.92239561914023
2018.11.23,32.98069394794024
2018.11.24,33.07360989524024
2018.11.25,33.09268959484024
2018.11.26,33.079964688440235
2018.11.27,33.04545638134024
2018.11.28,33.06370127424024
2018.11.29,32.946701993440236
2018.11.30,32.93293201344024
2018.12.01,32.97186013184024
2018.12.02,32.98217726924024
2018.12.03,32.87488805104024
2018.12.04,32.75664011014024
2018.12.05,32.78155415534024
2018.12.06,32.763828985540236
2018.12.07,32.84421489304024
2018.12.08,32.848684366640235
2018.12.09,32.860909036140235
2018.12.10,32.853121111340236
2018.12.11,32.89474592064023
2018.12.12,32.832265843640236
2018.12.13,32.755958857540236
2018.12.14,32.75035407034024
2018.12.15,32.83477577764024
2018.12.16,32.84311660004023
2018.12.17,32.83516977124024
2018.12.18,32.776573413940234
2018.12.19,32.73570606324024
2018.12.20,32.74643808814024
2018.12.21,32.66345891554023
2018.12.22,32.61380461824024
2018.12.23,32.651704184540236
2018.12.24,32.651193117840236
2018.12.25,32.503248309240234
2018.12.26,32.56140120814024
2018.12.27,32.605706918040234
2018.12.28,32.53498074464024
2018.12.29,32.557026169840235
2018.12.30,32.562640805640235
2018.12.31,32.552116513540234
2019.01.01,32.24389666864023
2019.01.02,32.34753013114024
2019.01.03,32.28869027914023
2019.01.04,32.185336427440234
2019.01.05,32.024966882940234
2019.01.06,32.05554994974023
2019.01.07,31.95534262614024
2019.01.08,31.94291719214024
2019.01.09,32.04242278904024
2019.01.10,31.93213218944024
2019.01.11,31.937639656540238
2019.01.12,31.92381776644024
2019.01.13,31.91272315084024
2019.01.14,31.94666196164024
2019.01.15,31.92754613744024
2019.01.16,31.904994487640238
2019.01.17,31.66476136364024
2019.01.18,31.733838811540238
2019.01.19,31.76267284544024
2019.01.20,31.80055455304024
2019.01.21,31.760069392740238
2019.01.22,31.818444731240238
2019.01.23,31.78901484454024
2019.01.24,31.69921094744024
2019.01.25,31.70013975334024
2019.01.26,31.55984535034024
2019.01.27,31.56424385614024
2019.01.28,31.536010135340238
2019.01.29,31.53569435454024
2019.01.30,31.48404267564024
2019.01.31,31.270813812640238
2019.02.01,31.26381367904024
2019.02.02,31.30846597324024
2019.02.03,31.31701084404024
2019.02.04,31.31082071944024
2019.02.05,31.30208687404024
2019.02.06,31.25362949484024
2019.02.07,31.25688892544024
2019.02.08,31.27459086344024
2019.02.09,31.50564843524024
2019.02.10,31.52638044864024
2019.02.11,31.39538871774024
2019.02.12,31.43528345374024
2019.02.13,31.28060448324024
2019.02.14,31.40655303344024
2019.02.15,31.314438631740238
2019.02.16,31.29196244754024
2019.02.17,31.32288168064024
2019.02.18,31.27405669644024
2019.02.19,31.22910679514024
2019.02.20,31.15444107044024
2019.02.21,31.10981095274024
2019.02.22,31.23753207174024
2019.02.23,31.339309061340238
2019.02.24,31.418906062940238
2019.02.25,31.33547208494024
2019.02.26,31.27744668534024
2019.02.27,31.31034904754024
2019.02.28,31.45338402304024
2019.03.01,31.56695610234024
2019.03.02,31.80134871064024
2019.03.03,31.83238987244024
2019.03.04,31.780480523740238
2019.03.05,31.85479565624024
2019.03.06,31.76906353294024
2019.03.07,31.849171577840238
2019.03.08,31.880503842840238
2019.03.09,31.74736881744024
2019.03.10,31.73946398274024
2019.03.11,31.740894592840238
2019.03.12,31.675454917440238
2019.03.13,31.659699730840238
2019.03.14,31.607667244340238
2019.03.15,31.78421481144024
2019.03.16,31.63714299314024
2019.03.17,31.698102207740238
2019.03.18,31.68102043394024
2019.03.19,31.676838902440238
2019.03.20,31.68927138504024
2019.03.21,31.654971233540238
2019.03.22,31.75340886894024
2019.03.23,31.74248432344024
2019.03.24,31.78349264264024
2019.03.25,31.70459610214024
2019.03.26,31.54762629744024
2019.03.27,31.64557325744024
2019.03.28,31.89184944264024
2019.03.29,31.84666696554024
2019.03.30,31.72004124224024
2019.03.31,31.72334594304024
2019.04.01,31.73136756364024
2019.04.02,31.72218911114024
2019.04.03,31.77545490604024
2019.04.04,31.74142177364024
2019.04.05,31.79910409554024
2019.04.06,31.90340347294024
2019.04.07,31.90367702774024
2019.04.08,31.924957246940238
2019.04.09,31.887512777340238
2019.04.10,31.783048907540238
2019.04.11,31.77077539654024
2019.04.12,31.869527729140238
2019.04.13,31.72821843884024
2019.04.14,31.791205109440238
2019.04.15,31.77231711334024
2019.04.16,31.80767949714024
2019.04.17,31.84646908614024
2019.04.18,31.79792644204024
2019.04.19,31.81368066264024
2019.04.20,31.83702369884024
2019.04.21,31.816711278240238
2019.04.22,31.832970819840238
2019.04.23,31.90739262314024
2019.04.24,31.98881571344024
2019.04.25,32.079009282940234
2019.04.26,32.075236711140235
2019.04.27,31.932662983040238
2019.04.28,31.92072958774024
2019.04.29,31.94543400954024
2019.04.30,31.91618136574024
2019.05.01,31.90921038984024
2019.05.02,31.99818816204024
2019.05.03,32.03114627524024
2019.05.04,31.89844684354024
2019.05.05,31.90349653164024
2019.05.06,32.01344437104024
2019.05.07,31.94175655194024
2019.05.08,31.92835594214024
2019.05.09,31.80673678964024
2019.05.10,31.78824789384024
2019.05.11,31.55982701024024
2019.05.12,31.53626833834024
2019.05.13,31.606466567740238
2019.05.14,31.66674771234024
2019.05.15,31.51674881064024
2019.05.16,31.55063782704024
2019.05.17,31.69242395624024
2019.05.18,31.84148553474024
2019.05.19,31.87024884814024
2019.05.20,31.81278593014024
2019.05.21,31.86578313964024
2019.05.22,31.95898437634024
2019.05.23,31.947807949940238
2019.05.24,31.88226702124024
2019.05.25,31.82639741164024
2019.05.26,31.84867361684024
2019.05.27,31.82284211414024
2019.05.28,31.83673918934024
2019.05.29,31.87960595174024
2019.05.30,31.84150136704024
2019.05.31,31.81068497274024
2019.06.01,31.47262790574024
2019.06.02,31.51437726904024
2019.06.03,31.55250983294024
2019.06.04,31.33528096794024
2019.06.05,31.319057979040238
2019.06.06,31.38674633664024
2019.06.07,31.332682937140238
2019.06.08,31.25270844854024
2019.06.09,31.282557097140238
2019.06.10,31.291983359040238
2019.06.11,31.339811821340238
2019.06.12,31.26957218014024
2019.06.13,31.28758448354024
2019.06.14,31.22114381824024
2019.06.15,31.17225140334024
2019.06.16,31.226660867840238
2019.06.17,31.24755937544024
2019.06.18,31.36044814124024
2019.06.19,31.23336787844024
2019.06.20,31.20335725094024
2019.06.21,30.880299635640238
2019.06.22,30.73842628644024
2019.06.23,30.817457955340238
2019.06.24,30.78710817744024
2019.06.25,30.66341449824024
2019.06.26,30.757636260540238
2019.06.27,30.75151598784024
2019.06.28,30.791068521840238
2019.06.29,30.669888598040238
2019.06.30,30.72084861924024
2019.07.01,30.65168607394024
2019.07.02,30.66928837494024
2019.07.03,30.55687781414024
2019.07.04,30.65834587514024
2019.07.05,30.66472128254024
2019.07.06,30.789374333740238
2019.07.07,30.81585817284024
2019.07.08,30.780287902940238
2019.07.09,30.82340792484024
2019.07.10,30.848496183740238
2019.07.11,30.67868392054024
2019.07.12,30.78630779264024
2019.07.13,30.90609694364024
2019.07.14,30.94426719584024
2019.07.15,30.900129475240238
2019.07.16,30.90657347144024
2019.07.17,30.92703535364024
2019.07.18,30.90992645484024
2019.07.19,30.81665345394024
2019.07.20,30.81304186094024
2019.07.21,30.83456742314024
2019.07.22,30.86400014334024
2019.07.23,30.86056207014024
2019.07.24,30.916291648140238
2019.07.25,30.91007786384024
2019.07.26,30.97074425014024
2019.07.27,30.839802230240238
2019.07.28,30.89447931974024
2019.07.29,30.88337218204024
2019.07.30,30.86927199714024
2019.07.31,30.80316279304024
2019.08.01,30.91059091034024
2019.08.02,30.93654770834024
2019.08.03,30.72640286484024
2019.08.04,30.72745033764024
2019.08.05,30.73646368394024
2019.08.06,30.84068590984024
2019.08.07,30.74135258504024
2019.08.08,30.81196443134024
2019.08.09,30.74597652994024
2019.08.10,30.77363952474024
2019.08.11,30.80915981534024
2019.08.12,30.78303426784024
2019.08.13,30.83101145804024
2019.08.14,30.79817572194024
2019.08.15,30.857053290640238
2019.08.16,30.85494056654024
2019.08.17,30.915629098440238
2019.08.18,30.92540106864024
2019.08.19,30.91689212514024
2019.08.20,30.88743638724024
2019.08.21,30.80303472104024
2019.08.22,30.80012748914024
2019.08.23,30.801933602340238
2019.08.24,30.41219091814024
2019.08.25,30.631034728640238
2019.08.26,30.70639804294024
2019.08.27,30.60915382774024
2019.08.28,30.63435370704024
2019.08.29,30.63830385884024
2019.08.30,30.644117752640238
2019.08.31,30.58755733194024
2019.09.01,30.63376056334024
2019.09.02,30.63295432594024
2019.09.03,30.642041912240238
2019.09.04,30.61293693674024
2019.09.05,30.56637177334024
2019.09.06,30.70207463394024
2019.09.07,30.39465770434024
2019.09.08,30.64168732524024
2019.09.09,30.606538851040238
2019.09.10,30.65975307654024
2019.09.11,30.63142507684024
2019.09.12,30.57574365914024
2019.09.13,30.49291891004024
2019.09.14,30.308660749140238
2019.09.15,30.43546209954024
2019.09.16,30.47034476814024
2019.09.17,30.53600896274024
2019.09.18,30.53787324844024
2019.09.19,30.55462965934024
2019.09.20,30.54231197624024
2019.09.21,30.49106941664024
2019.09.22,30.50747930904024
2019.09.23,30.48900922764024
2019.09.24,30.47860552144024
2019.09.25,30.55271126684024
2019.09.26,30.59872236014024
2019.09.27,30.64890155614024
2019.09.28,30.63463829204024
